read_id	most_likely_taxon	confidence	assignment_certainty	taxon_name	kingdom
5c6d18f9-5671-42e4-89c9-646bd55a129d	1544694	1.0	confident	Rosenbergiella epipactidis	Bacteria
ea66ed1a-0b43-4aff-817a-d58e5c32cbb5	1544694	1.0	confident	Rosenbergiella epipactidis	Bacteria
1c08444c-1954-48ba-9ba1-c660337e9100	1544694	1.0	confident	Rosenbergiella epipactidis	Bacteria
5c078082-f1b3-48fe-b3fe-0d36d6210e83	1196095	1.0	confident	Gilliamella apicola	Bacteria
af9cd104-0502-43e8-9955-94ef9992465a	1196095	1.0	confident	Gilliamella apicola	Bacteria
949e2ee2-bb51-471b-b335-b9ae62890967	1196095	1.0	confident	Gilliamella apicola	Bacteria
90260ab4-f177-43c0-bc49-063f739c41e2	1196095	1.0	confident	Gilliamella apicola	Bacteria
4efdde33-a4eb-4049-8c8e-85b6de68e626	1196095	1.0	confident	Gilliamella apicola	Bacteria
6ab882d3-9b50-406f-af71-c63d7d2e012c	1196095	1.0	confident	Gilliamella apicola	Bacteria
99757afb-c2b8-4606-ae58-42f9c70f8403	1196095	1.0	confident	Gilliamella apicola	Bacteria
a6695ea5-4288-4276-a13e-5f8ce3b84aff	1196095	1.0	confident	Gilliamella apicola	Bacteria
08948503-c03b-44e7-a0c0-c836333424b4	1196095	1.0	confident	Gilliamella apicola	Bacteria
71ec394a-3c9d-4e10-ae80-2d1cea22e9da	1196095	1.0	confident	Gilliamella apicola	Bacteria
f20a0b34-40ce-4bf3-906a-84ad2c57533c	1196095	1.0	confident	Gilliamella apicola	Bacteria
5e05e290-a1cc-4313-8b0e-86d7964873e6	1196095	1.0	confident	Gilliamella apicola	Bacteria
2b377cbd-ab71-425a-af95-45c569c64484	1196095	1.0	confident	Gilliamella apicola	Bacteria
ebedb9de-e3b6-4161-b895-9aca8e5171fb	1196095	1.0	confident	Gilliamella apicola	Bacteria
e496aa86-2c36-4867-9756-88a559cf2aa0	1196095	1.0	confident	Gilliamella apicola	Bacteria
aae32681-6cd9-46ab-a8d7-5c2c7945215c	1196095	1.0	confident	Gilliamella apicola	Bacteria
45f6f211-7936-4f20-88ac-0854b4032ef7	1196095	1.0	confident	Gilliamella apicola	Bacteria
a719ad4e-efb7-4826-bded-bfd0d09cdc11	1196095	1.0	confident	Gilliamella apicola	Bacteria
789d956e-683b-4886-966b-73db67353251	1196095	1.0	confident	Gilliamella apicola	Bacteria
e7db0e85-e095-40b7-a154-af3b1c8778e9	1196095	1.0	confident	Gilliamella apicola	Bacteria
914134d1-b653-4973-968f-391bba243f42	1196095	1.0	confident	Gilliamella apicola	Bacteria
75c97d17-9d53-42fd-bdf4-22bd2eca7acc	1196095	1.0	confident	Gilliamella apicola	Bacteria
ffd53900-01d8-4f50-b936-3da2438e0b17	1196095	1.0	confident	Gilliamella apicola	Bacteria
589b281c-f1ac-477b-a781-976ba194dfc3	1196095	1.0	confident	Gilliamella apicola	Bacteria
0a04fb75-b4f0-486b-86f8-d1d68a09261f	1196095	1.0	confident	Gilliamella apicola	Bacteria
53298395-bc50-4e86-96a6-4d2f4c1052f8	1196095	1.0	confident	Gilliamella apicola	Bacteria
c18eca39-3e13-4bc0-88e0-baa9753ea763	1196095	1.0	confident	Gilliamella apicola	Bacteria
e3de802b-e3d5-4175-b132-0726a6153f2d	1196095	1.0	confident	Gilliamella apicola	Bacteria
2d374313-d850-4ec8-810b-971f93c50e5b	1196095	1.0	confident	Gilliamella apicola	Bacteria
c38c081d-e3fe-4d72-a786-c5cc70eccbb6	1196095	1.0	confident	Gilliamella apicola	Bacteria
1c0d01c5-8986-4571-9dd1-77bed67eb3c0	1196095	1.0	confident	Gilliamella apicola	Bacteria
ad926876-aa45-4961-b46d-e1f4e563941a	1196095	1.0	confident	Gilliamella apicola	Bacteria
79352387-4594-4058-903f-e14e41a0e9ae	1196095	1.0	confident	Gilliamella apicola	Bacteria
66d6bcbd-98a7-44e4-8eda-21fe8f7eb202	1196095	1.0	confident	Gilliamella apicola	Bacteria
2fa0795e-0913-42fc-8e21-5fdb6aadbd64	1196095	1.0	confident	Gilliamella apicola	Bacteria
f14ca56c-e4bc-40ce-af08-1c1e53538d20	1196095	1.0	confident	Gilliamella apicola	Bacteria
a2890459-47ac-493e-b06a-0f2ce0d7e53a	1196095	1.0	confident	Gilliamella apicola	Bacteria
01ed81d1-f9c9-4c43-8718-b977116379e1	1196095	1.0	confident	Gilliamella apicola	Bacteria
54b3cc5e-46ab-4656-8db9-7eff11403007	1196095	1.0	confident	Gilliamella apicola	Bacteria
db57318a-cf5c-46e9-a887-a87780b5b9e1	1196095	1.0	confident	Gilliamella apicola	Bacteria
b4dec8f6-7a19-45c0-aadf-359bd7059bc7	1196095	1.0	confident	Gilliamella apicola	Bacteria
833c9867-e0a0-4e3f-95f6-107c608c5ae2	1196095	1.0	confident	Gilliamella apicola	Bacteria
26d3cd44-94f1-46f8-b999-52be8eedbaa5	1196095	1.0	confident	Gilliamella apicola	Bacteria
a1cf52e2-9491-4e3c-b714-0e0fbe0b1766	1196095	1.0	confident	Gilliamella apicola	Bacteria
6763ac24-4fb4-42a8-85ec-09ea2bbbc2ce	1196095	1.0	confident	Gilliamella apicola	Bacteria
a561cc01-27ae-4c21-9ec3-7843acd3ea6e	1196095	1.0	confident	Gilliamella apicola	Bacteria
e9f7f467-303b-4088-9449-58e38423da7e	1196095	1.0	confident	Gilliamella apicola	Bacteria
c069da38-c002-468e-8c85-dea492faef22	1196095	1.0	confident	Gilliamella apicola	Bacteria
5110067d-0fed-4d2a-87d6-4b0c6ce7e090	1196095	1.0	confident	Gilliamella apicola	Bacteria
8f8ea848-40d5-4a72-b98d-3363f53f8d5b	1196095	1.0	confident	Gilliamella apicola	Bacteria
8cf7e806-ce75-445a-ba97-8712f7879c7e	1196095	1.0	confident	Gilliamella apicola	Bacteria
7b3a9360-52ae-4ccb-b698-3058165e5956	1196095	1.0	confident	Gilliamella apicola	Bacteria
dfce16a8-cb18-4206-8759-39d01cb8f94a	1196095	1.0	confident	Gilliamella apicola	Bacteria
89405755-97e8-41e8-9a39-0fe6c93c601e	1196095	1.0	confident	Gilliamella apicola	Bacteria
6ad05f0f-bbf5-4134-8943-1de29b5b06d6	1196095	1.0	confident	Gilliamella apicola	Bacteria
b7283fb6-1ade-4f39-9935-ccdda0672bbd	1196095	1.0	confident	Gilliamella apicola	Bacteria
b48e2019-0e77-49ff-bc91-69a4f6331e4f	1196095	1.0	confident	Gilliamella apicola	Bacteria
3c8a3ce5-82f9-43fa-9db2-fc9340a9c621	1196095	1.0	confident	Gilliamella apicola	Bacteria
65f5dc69-0fbd-4d33-b98d-0e5d530802a5	1196095	1.0	confident	Gilliamella apicola	Bacteria
2082fd55-368b-4a8f-94a1-7156173f28d8	1196095	1.0	confident	Gilliamella apicola	Bacteria
bd9c7add-bb5d-4c66-a855-52213ce8ca43	1196095	1.0	confident	Gilliamella apicola	Bacteria
720c6a27-b787-47b3-9a8a-cbc6aa80bd72	1196095	1.0	confident	Gilliamella apicola	Bacteria
2a7cbb97-c764-403a-a2f9-3b4c1f10aae6	1196095	1.0	confident	Gilliamella apicola	Bacteria
28e3db3c-d22f-4d14-9dae-5f64d7f7f397	1196095	1.0	confident	Gilliamella apicola	Bacteria
161a6d80-b124-4e39-876f-cbd5a5d877d0	1196095	1.0	confident	Gilliamella apicola	Bacteria
bc26eefb-8a9b-43ea-86c9-97f382e8f9af	1196095	1.0	confident	Gilliamella apicola	Bacteria
d89ed540-d520-4499-862c-8b96d9f23be5	1196095	1.0	confident	Gilliamella apicola	Bacteria
b9fc8b2f-0375-4a4b-8cec-20acbee345f4	1196095	1.0	confident	Gilliamella apicola	Bacteria
0f302f08-d0f1-412f-8639-f54dd421e388	1196095	1.0	confident	Gilliamella apicola	Bacteria
c55423f0-8438-46c8-8397-95cfcc5d7820	1196095	1.0	confident	Gilliamella apicola	Bacteria
2fb41b24-b48a-4206-853a-52b80f6de55c	1196095	1.0	confident	Gilliamella apicola	Bacteria
3fa693d5-0fd0-4244-a30b-0ec472ca46ca	1196095	1.0	confident	Gilliamella apicola	Bacteria
cdde8c1b-b28b-492b-8424-a146cccdaba4	1196095	1.0	confident	Gilliamella apicola	Bacteria
6345dec4-0993-40d9-8928-0c69ebf2814c	1196095	1.0	confident	Gilliamella apicola	Bacteria
05741392-a62d-49ad-998b-9586d3e71877	1196095	1.0	confident	Gilliamella apicola	Bacteria
e90c9492-d811-4e8d-8198-8764a84e6671	1196095	1.0	confident	Gilliamella apicola	Bacteria
d4eaa9f7-b523-443c-b18a-417812ad6850	1196095	1.0	confident	Gilliamella apicola	Bacteria
cc9fdb1e-3b4c-43c6-a694-83c1781cbf27	1196095	1.0	confident	Gilliamella apicola	Bacteria
d27f1282-5ad4-4a36-8108-d8d2d612109d	1196095	1.0	confident	Gilliamella apicola	Bacteria
d5b86b32-b1ef-42c1-b96f-6036619c55a4	1196095	1.0	confident	Gilliamella apicola	Bacteria
3cec751f-e8fd-4a62-a16e-21f6cdc652ad	1196095	1.0	confident	Gilliamella apicola	Bacteria
5339d023-b508-4bbe-a0f8-10598568c6de	1196095	1.0	confident	Gilliamella apicola	Bacteria
11841647-80fe-46d5-bcf3-d1432150eb61	1196095	1.0	confident	Gilliamella apicola	Bacteria
fc68e12d-a10e-40aa-b2e5-a77e9f8026da	1196095	1.0	confident	Gilliamella apicola	Bacteria
1369fff8-851e-47fd-9cd2-25d337e57305	1196095	1.0	confident	Gilliamella apicola	Bacteria
78c670b6-df4a-4015-886d-9d327126d3b0	1196095	1.0	confident	Gilliamella apicola	Bacteria
24fc2108-0c44-46e0-bd11-a701a55ec9ea	1196095	1.0	confident	Gilliamella apicola	Bacteria
654406e2-307a-4369-bdb3-2342a82e4761	1196095	1.0	confident	Gilliamella apicola	Bacteria
ad81d4ad-a090-43b3-9a36-b22dca5be44d	1196095	1.0	confident	Gilliamella apicola	Bacteria
f986f4db-204e-4a5f-ab46-acff13e4c7f0	1196095	1.0	confident	Gilliamella apicola	Bacteria
68cd66d8-0937-4be6-b59c-3c8e2cf0c3cc	1196095	1.0	confident	Gilliamella apicola	Bacteria
9cba5a34-f7c1-4fde-8326-cf1f444aa87f	1196095	1.0	confident	Gilliamella apicola	Bacteria
ae038a8c-c890-4bb6-9a08-20e59eaac55d	1196095	1.0	confident	Gilliamella apicola	Bacteria
a3174225-3743-4b93-92f1-91a60bba6690	1196095	1.0	confident	Gilliamella apicola	Bacteria
dca29b19-bb2c-43a5-8818-c23018576e4b	1196095	1.0	confident	Gilliamella apicola	Bacteria
03bfc36b-e3d8-440b-ad8c-c63f869780aa	1196095	1.0	confident	Gilliamella apicola	Bacteria
5dcd02f3-000c-4823-b29f-212fbb877775	1196095	1.0	confident	Gilliamella apicola	Bacteria
9d5558cd-f4bc-4f55-9e50-9ac1bcee0167	1196095	1.0	confident	Gilliamella apicola	Bacteria
b79daff3-da09-4f68-9ec9-205780a945c9	1196095	1.0	confident	Gilliamella apicola	Bacteria
2a8a8fa2-6e84-4bf0-bd24-3f5ec9e774cd	1196095	1.0	confident	Gilliamella apicola	Bacteria
9a594a40-ebf9-46dc-9604-e327cfe942ad	1196095	1.0	confident	Gilliamella apicola	Bacteria
9d65ffd3-ce7c-4198-bf4d-0308ad979491	1196095	1.0	confident	Gilliamella apicola	Bacteria
ef66b789-b3a7-4f87-9354-19c8e40daeb7	1196095	1.0	confident	Gilliamella apicola	Bacteria
8393f5e3-d466-46a9-a28f-1fa00735da53	1196095	1.0	confident	Gilliamella apicola	Bacteria
c5abdeb6-709b-4744-804b-2593da381ec4	1196095	1.0	confident	Gilliamella apicola	Bacteria
120b9b72-bab3-41b1-8e1f-69c3cc3f2a07	1196095	1.0	confident	Gilliamella apicola	Bacteria
a97de934-be1f-4246-87e1-55da8b04deae	1196095	1.0	confident	Gilliamella apicola	Bacteria
e2043678-3648-411b-a5e6-7a8613dc35cd	1196095	1.0	confident	Gilliamella apicola	Bacteria
457cd7f0-5fce-497a-99a4-c198383d27f8	1196095	1.0	confident	Gilliamella apicola	Bacteria
56a5950d-82e5-4438-98eb-05945b5004b9	1196095	1.0	confident	Gilliamella apicola	Bacteria
349171ac-0414-408c-8c54-1cd5f48d04a6	1196095	1.0	confident	Gilliamella apicola	Bacteria
44ff2cc3-ce0a-4aaa-8518-c592b879ec24	1196095	1.0	confident	Gilliamella apicola	Bacteria
2bf90fce-42af-4a20-ab2d-06301c6dfb0e	1196095	1.0	confident	Gilliamella apicola	Bacteria
47e4c2fb-d1c9-49ed-8060-9b05b3390ab5	1196095	1.0	confident	Gilliamella apicola	Bacteria
e61e5ff0-ee0a-4853-be1f-bd21fc8569a0	1196095	1.0	confident	Gilliamella apicola	Bacteria
8ba69989-f88c-4701-a32f-c758b2e0f3e3	1196095	1.0	confident	Gilliamella apicola	Bacteria
8024963a-9251-4ff9-98ea-c2f35e811efb	1196095	1.0	confident	Gilliamella apicola	Bacteria
0d0543d2-8b2d-439d-a08e-d1c4379f7ac8	1196095	1.0	confident	Gilliamella apicola	Bacteria
b6af57f8-466e-41e1-8a35-5dbcc37c6ffb	1196095	1.0	confident	Gilliamella apicola	Bacteria
1a5a7b2b-745b-43e2-a196-efae57b8d94d	1196095	1.0	confident	Gilliamella apicola	Bacteria
c1707662-a3ff-4bd3-8ee3-eba1dce0fd20	1196095	1.0	confident	Gilliamella apicola	Bacteria
0a46a8e5-4a1c-4d6e-a6ef-054cd38f20dc	1196095	1.0	confident	Gilliamella apicola	Bacteria
7a954b9b-3c0f-40e4-ad08-be9820f2717b	1196095	1.0	confident	Gilliamella apicola	Bacteria
808bca34-8caa-4962-a90d-8c59b22db0e4	1196095	1.0	confident	Gilliamella apicola	Bacteria
dc595c87-429b-4bfc-83bb-14479fb15aea	1196095	1.0	confident	Gilliamella apicola	Bacteria
87f978ec-95d1-4c40-9f61-3caafdd0d29c	1196095	1.0	confident	Gilliamella apicola	Bacteria
ed7bc8f2-f3af-4298-9807-d87785afebdf	1196095	1.0	confident	Gilliamella apicola	Bacteria
1bf5e15c-5702-4ae9-a14f-09bb244f4c1d	1196095	1.0	confident	Gilliamella apicola	Bacteria
867b26e4-61a1-43b2-8520-0c770f3ca5e8	1196095	1.0	confident	Gilliamella apicola	Bacteria
53d04535-70a0-4ad6-9163-889f7b90322d	1196095	1.0	confident	Gilliamella apicola	Bacteria
965bb8d5-b0ee-4b06-8861-61afc226d2fd	1196095	1.0	confident	Gilliamella apicola	Bacteria
c3b1c38d-4e0e-476d-bafc-49ad54d30c3b	1196095	1.0	confident	Gilliamella apicola	Bacteria
8574ba56-3b10-4286-9248-8fe2198f43bf	1196095	1.0	confident	Gilliamella apicola	Bacteria
26744512-83f7-421f-a082-4b70acbd59a9	1196095	1.0	confident	Gilliamella apicola	Bacteria
f01ef46e-de74-4666-bedc-a2297db202c1	1196095	1.0	confident	Gilliamella apicola	Bacteria
a9164566-fec4-409a-b3a9-3e999d517200	1196095	1.0	confident	Gilliamella apicola	Bacteria
51da6386-d5c8-45f4-b9ed-457c8f9b520e	1196095	1.0	confident	Gilliamella apicola	Bacteria
0a624b6b-64c6-4e84-b297-fa6c9ca662c8	1196095	1.0	confident	Gilliamella apicola	Bacteria
8c5a5e22-8cd2-4794-8121-f0b5d4eb0284	1196095	1.0	confident	Gilliamella apicola	Bacteria
cd0e786d-202f-468e-af8f-b4e34ca6739d	1196095	1.0	confident	Gilliamella apicola	Bacteria
00cd0131-71be-48f7-9b2a-e49f653b1e8e	1196095	1.0	confident	Gilliamella apicola	Bacteria
d58f4bc5-c951-47f9-bfa6-57d972787d96	1196095	1.0	confident	Gilliamella apicola	Bacteria
4a97fd56-bf47-4c05-94f7-648cffd1e37e	1196095	1.0	confident	Gilliamella apicola	Bacteria
bf9c00c6-c1ef-4efd-abb8-15607a434956	1196095	1.0	confident	Gilliamella apicola	Bacteria
e2f76d55-99ec-41d3-aaaf-22af0637f0b1	1196095	1.0	confident	Gilliamella apicola	Bacteria
a4cac02f-2415-41c6-b1a4-406f8d057acd	1196095	1.0	confident	Gilliamella apicola	Bacteria
69f674ba-e2ea-4fa7-a509-7af1a50ace8e	1196095	1.0	confident	Gilliamella apicola	Bacteria
4cf6164a-a143-4beb-b097-96c1fe800859	1196095	1.0	confident	Gilliamella apicola	Bacteria
a58d194f-3896-4228-a3a4-54b87a8ddead	1196095	1.0	confident	Gilliamella apicola	Bacteria
c363e6af-946c-4472-b975-24115a0b6d32	1196095	1.0	confident	Gilliamella apicola	Bacteria
59c10fc7-4a7c-44c9-8268-b766231f3092	1196095	1.0	confident	Gilliamella apicola	Bacteria
2c74a875-84b2-4e15-84a2-e2be64c359f4	1196095	1.0	confident	Gilliamella apicola	Bacteria
3ddf0cec-7e4a-4227-888b-ba810a045e71	1196095	1.0	confident	Gilliamella apicola	Bacteria
2a4b14f4-1ca7-4c24-bcac-53bd4715e757	1196095	1.0	confident	Gilliamella apicola	Bacteria
c5329da4-a19f-45dc-af40-bbaf9a220ac8	1196095	1.0	confident	Gilliamella apicola	Bacteria
bfcea3b4-2988-4e1b-ad46-d64f4f84c994	1196095	1.0	confident	Gilliamella apicola	Bacteria
a82a5b5f-05bc-4513-8e37-6da61023cda9	1196095	1.0	confident	Gilliamella apicola	Bacteria
6b139ef5-7aea-4a9d-9f2d-0b661444ee4e	1196095	1.0	confident	Gilliamella apicola	Bacteria
421d4e1d-afb7-4f16-a706-ca55ec396e09	1196095	1.0	confident	Gilliamella apicola	Bacteria
38e0f305-7ad8-4642-a63f-2d59e419211c	1196095	1.0	confident	Gilliamella apicola	Bacteria
e9194e1b-254f-466d-af4a-506440da7788	1196095	1.0	confident	Gilliamella apicola	Bacteria
7aa0f711-43f8-4542-b0da-e2b97aa5b27d	1196095	1.0	confident	Gilliamella apicola	Bacteria
d99f11ea-c7a0-4793-bfc9-04de78aaa1c7	1196095	1.0	confident	Gilliamella apicola	Bacteria
3edfc71a-5cac-4aea-aa14-e072d10b090b	1196095	1.0	confident	Gilliamella apicola	Bacteria
d6be0666-0c9a-4db0-8247-0d93d11c39de	1196095	1.0	confident	Gilliamella apicola	Bacteria
9f356c43-e0f9-4486-9fb9-5e8b800f3b02	1196095	1.0	confident	Gilliamella apicola	Bacteria
6b7b9a84-c3c8-4444-a265-1463e528e5b6	1196095	1.0	confident	Gilliamella apicola	Bacteria
bd17a14d-73a2-4f5e-a641-3907b65383f4	1196095	1.0	confident	Gilliamella apicola	Bacteria
5cc29301-c239-41e0-ac36-b257e9476cdc	1196095	1.0	confident	Gilliamella apicola	Bacteria
e6b525b7-ad1f-411d-ad37-da52c287c674	1196095	1.0	confident	Gilliamella apicola	Bacteria
73bf9379-abd8-4e0d-bca1-37d4786d08f7	1196095	1.0	confident	Gilliamella apicola	Bacteria
6d643321-8711-461c-b42c-1c6725ed1063	1196095	1.0	confident	Gilliamella apicola	Bacteria
174b56f0-467d-4627-bbc9-6c0898318210	1196095	1.0	confident	Gilliamella apicola	Bacteria
cfcbec9b-9b3c-4e4f-bf3c-21e4f8dbed77	1196095	1.0	confident	Gilliamella apicola	Bacteria
5f018b54-c1cd-470e-96c4-28d19d185fa0	1196095	1.0	confident	Gilliamella apicola	Bacteria
fdc99f59-d9a2-4a7f-be7a-e3d4a6a289b1	1196095	1.0	confident	Gilliamella apicola	Bacteria
0d571e89-0523-4e62-96d2-8ca90316e8c4	1196095	1.0	confident	Gilliamella apicola	Bacteria
d24e63ab-3025-4183-94a8-9a84293f1bd9	1196095	1.0	confident	Gilliamella apicola	Bacteria
233c81bd-6d62-42cc-9a76-70fbbe183549	1196095	1.0	confident	Gilliamella apicola	Bacteria
61d372c0-36c4-41c1-a209-971fb5c65265	1196095	1.0	confident	Gilliamella apicola	Bacteria
ecd71277-cc1b-4b93-a07a-fc6ecb44182f	1196095	1.0	confident	Gilliamella apicola	Bacteria
554f1b2d-ee97-40a4-9e0b-f597216f1b10	1196095	1.0	confident	Gilliamella apicola	Bacteria
6500d98e-911a-4f2b-8eb6-941479681741	1196095	1.0	confident	Gilliamella apicola	Bacteria
97bd7671-69a6-4d76-bada-dee99ddd7775	1196095	1.0	confident	Gilliamella apicola	Bacteria
f0378bb6-835c-47de-bc7b-c52d29d4b5fb	1196095	1.0	confident	Gilliamella apicola	Bacteria
938cfb94-0178-4d37-8637-94f700a13fc5	1196095	1.0	confident	Gilliamella apicola	Bacteria
eeafa335-2b9a-44dd-accd-94da30ff256f	1196095	1.0	confident	Gilliamella apicola	Bacteria
7e687e1c-43a8-4880-811c-cf6d9262ad64	1196095	1.0	confident	Gilliamella apicola	Bacteria
842bc42b-e09d-408a-87c8-c2be450f391b	1196095	1.0	confident	Gilliamella apicola	Bacteria
758109f7-8cd8-473d-9799-ce94dd14ac84	1196095	1.0	confident	Gilliamella apicola	Bacteria
b8308947-9cc0-4095-af7b-c149bfc20bbd	1196095	1.0	confident	Gilliamella apicola	Bacteria
2dc5ab2d-a986-4250-976b-eb4ffaa56a9d	1196095	1.0	confident	Gilliamella apicola	Bacteria
4670725c-91e2-43a3-bbd3-984943403d0d	1196095	1.0	confident	Gilliamella apicola	Bacteria
2f3103ca-2fe3-4d96-a10a-11ed934276f6	1196095	1.0	confident	Gilliamella apicola	Bacteria
77270e2b-20ee-420d-aff8-f7f40ec58adb	1196095	1.0	confident	Gilliamella apicola	Bacteria
58e27b99-8bdd-48aa-8920-140ed9a27cc4	1196095	1.0	confident	Gilliamella apicola	Bacteria
8351bc2c-bf75-481f-98db-e66da642880c	1196095	1.0	confident	Gilliamella apicola	Bacteria
2548d32f-cf31-4f21-b578-41f1ca441b9a	1196095	1.0	confident	Gilliamella apicola	Bacteria
0bdd7930-8d39-4cd7-b781-b30cde2c7892	1196095	1.0	confident	Gilliamella apicola	Bacteria
e2bf9ce2-b5ab-4dd5-88bb-421ee5806c54	1196095	1.0	confident	Gilliamella apicola	Bacteria
39acc776-58a3-48a0-b7c4-fc9fd7d7d84a	1196095	1.0	confident	Gilliamella apicola	Bacteria
08797883-cee1-4fbe-84f0-a0c14e7e66b2	1196095	1.0	confident	Gilliamella apicola	Bacteria
99373f93-ae1a-4f5c-b803-fef6a2e5a850	1196095	1.0	confident	Gilliamella apicola	Bacteria
3bcd2eb3-b7c0-497f-afd0-4fb28402d80e	1196095	1.0	confident	Gilliamella apicola	Bacteria
083b9022-eb64-4fa4-b1ae-a304cefbf8be	1196095	1.0	confident	Gilliamella apicola	Bacteria
73c3007e-da29-4f53-9c56-edfcb7e418fb	1196095	1.0	confident	Gilliamella apicola	Bacteria
baea9e4e-9501-4699-964c-a5380eb35261	1196095	1.0	confident	Gilliamella apicola	Bacteria
bf4aab1d-9334-4c80-b829-c43f3b072bb9	1196095	1.0	confident	Gilliamella apicola	Bacteria
a167c56a-6209-4174-8ac1-17be8edf4162	1196095	1.0	confident	Gilliamella apicola	Bacteria
c5c280dd-3015-42ab-a059-f1cb6de66b0e	1196095	1.0	confident	Gilliamella apicola	Bacteria
866ba4db-85fb-4cee-944d-6be119099d9d	1196095	1.0	confident	Gilliamella apicola	Bacteria
ff895f11-018b-4d84-a306-57ee7c3266f6	1196095	1.0	confident	Gilliamella apicola	Bacteria
83ea849b-540b-4e2c-bbb6-342bacac94f3	1196095	1.0	confident	Gilliamella apicola	Bacteria
0b55746a-1f6a-4265-9354-8ad9a54a024d	1196095	1.0	confident	Gilliamella apicola	Bacteria
f7f57714-3b07-433c-8d04-6873b6f8b513	1196095	1.0	confident	Gilliamella apicola	Bacteria
c08c812c-bbed-4395-9d73-ab7a9b4fea53	1196095	1.0	confident	Gilliamella apicola	Bacteria
fc414b9e-1bf5-4afc-8fff-7dbc8e1a01dd	1196095	1.0	confident	Gilliamella apicola	Bacteria
ea93db65-6964-4d05-99f1-e518c907a011	1196095	1.0	confident	Gilliamella apicola	Bacteria
01c2f2b0-497d-4765-a6a9-6684a444c79c	1196095	1.0	confident	Gilliamella apicola	Bacteria
201763c1-5261-4562-9f93-ced3d05af917	1196095	1.0	confident	Gilliamella apicola	Bacteria
375b3c39-fd3b-4d3f-8c7a-71b0340a2757	1196095	1.0	confident	Gilliamella apicola	Bacteria
8b04aac7-de70-479c-8167-d59fb78b033a	1196095	1.0	confident	Gilliamella apicola	Bacteria
0a2e754e-c412-481b-b890-1403f7e26e9a	1196095	1.0	confident	Gilliamella apicola	Bacteria
b3e1c2d7-74b8-4581-9f1f-3da137f75dcc	1196095	1.0	confident	Gilliamella apicola	Bacteria
60cdaf7b-f488-4199-86d7-a83aaa656e35	1196095	1.0	confident	Gilliamella apicola	Bacteria
e59db9c4-5874-4826-aedf-1e01d935ba49	1196095	1.0	confident	Gilliamella apicola	Bacteria
906e0927-7d0a-4727-9e1e-cf86078d2c9b	1196095	1.0	confident	Gilliamella apicola	Bacteria
4b87c267-3dfa-47c1-965a-9a28c110073a	1196095	1.0	confident	Gilliamella apicola	Bacteria
b03fd687-93ee-472d-912d-88eb4b9ebbdc	1196095	1.0	confident	Gilliamella apicola	Bacteria
e536d48b-9506-423d-8a76-18dd51ecb108	1196095	1.0	confident	Gilliamella apicola	Bacteria
d91e32ff-fd9c-4ade-ad32-86d15b90fd29	1196095	1.0	confident	Gilliamella apicola	Bacteria
81217410-f95c-49c8-9e8b-46b6d4c01d47	1196095	1.0	confident	Gilliamella apicola	Bacteria
39a0f3ef-0a88-4bd2-8ecb-b512e81af7d7	1196095	1.0	confident	Gilliamella apicola	Bacteria
565d1e33-b2dd-4160-bc30-a726274f5b14	1196095	1.0	confident	Gilliamella apicola	Bacteria
09330e13-b9a3-4bd0-831c-87829de56171	1196095	1.0	confident	Gilliamella apicola	Bacteria
60314e03-1981-4679-862b-7b6c01326990	1196095	1.0	confident	Gilliamella apicola	Bacteria
2302a99d-fa4e-4b08-bbdf-4afea7339aab	1196095	1.0	confident	Gilliamella apicola	Bacteria
f446ba4d-d193-41b8-ae3e-4fdd9a8871ed	1196095	1.0	confident	Gilliamella apicola	Bacteria
eb9c029c-a935-4216-bd4a-1d327596abc2	1196095	1.0	confident	Gilliamella apicola	Bacteria
1406659e-769f-4588-9fb7-693da3ef5c36	1196095	1.0	confident	Gilliamella apicola	Bacteria
5daf4793-6650-4b38-81a6-ea060a733b7b	1196095	1.0	confident	Gilliamella apicola	Bacteria
5f91310e-dbce-43d1-ae39-2a1bfd2fe5af	1196095	1.0	confident	Gilliamella apicola	Bacteria
e5853275-5b82-421f-984a-961e6b6d8f07	1196095	1.0	confident	Gilliamella apicola	Bacteria
04276408-edf1-4948-9935-8da9ec282720	1196095	1.0	confident	Gilliamella apicola	Bacteria
c1f68974-cd52-4fce-a890-a35f403116a9	1196095	1.0	confident	Gilliamella apicola	Bacteria
1fddf5af-9bb5-4949-a009-7d4f9592a309	1196095	1.0	confident	Gilliamella apicola	Bacteria
7b806540-474c-4142-a458-e7657831c738	1196095	1.0	confident	Gilliamella apicola	Bacteria
69fd51ec-a115-4ff3-9ebb-9dbc622fb2e3	1196095	1.0	confident	Gilliamella apicola	Bacteria
be48507a-9f92-442f-843c-274659ab2618	1196095	1.0	confident	Gilliamella apicola	Bacteria
ccac5862-b5d6-4be8-aa85-6b8ec5a3e182	1196095	1.0	confident	Gilliamella apicola	Bacteria
c43015dc-6a57-4b4c-891e-20809b68df67	1196095	1.0	confident	Gilliamella apicola	Bacteria
8590d281-f5cc-46c4-8341-4539931e6b5d	1196095	1.0	confident	Gilliamella apicola	Bacteria
1d402629-7b9c-4d94-b0c6-ff5486bba7d6	1196095	1.0	confident	Gilliamella apicola	Bacteria
1723b939-fe21-479f-a005-febc037469a3	1196095	1.0	confident	Gilliamella apicola	Bacteria
dfa0acd3-b234-4bfd-b3d0-989f9ae6426b	1196095	1.0	confident	Gilliamella apicola	Bacteria
ccbd3414-6b45-45ec-98fe-8ee9c57c0da4	1196095	1.0	confident	Gilliamella apicola	Bacteria
1c039a49-0754-45f9-86d3-8b8f02a3dbef	1196095	1.0	confident	Gilliamella apicola	Bacteria
71abbacf-6c63-4642-80f8-a6643691b169	1196095	1.0	confident	Gilliamella apicola	Bacteria
d4d63c45-6815-4fcd-bed2-52d1c2b52a5f	1196095	1.0	confident	Gilliamella apicola	Bacteria
3f7400fa-b491-417a-8db6-1144272b3a0a	1196095	1.0	confident	Gilliamella apicola	Bacteria
0cf6cfed-1cf1-4b1e-ab9a-ad8e3146420d	1196095	1.0	confident	Gilliamella apicola	Bacteria
fcc5790c-e391-47ca-be95-0f9dade4a4b2	1196095	1.0	confident	Gilliamella apicola	Bacteria
d90f7395-2c83-410b-a9dd-d54cbbb1b69d	1196095	1.0	confident	Gilliamella apicola	Bacteria
8b1c2744-6fd5-464c-8862-15a0aefee453	1196095	1.0	confident	Gilliamella apicola	Bacteria
2337bd99-66e3-47ed-8858-0adb641e10cd	1196095	1.0	confident	Gilliamella apicola	Bacteria
31020bcf-26e2-4641-a685-b83ec6b46cd1	1196095	1.0	confident	Gilliamella apicola	Bacteria
b5bc8dde-94fa-4e52-adf8-fc40d0ee1477	1196095	1.0	confident	Gilliamella apicola	Bacteria
d28d9ccf-9cf1-4e70-9afa-316333089a49	1196095	1.0	confident	Gilliamella apicola	Bacteria
22e76912-89c2-4d94-af08-913b0006303c	1196095	1.0	confident	Gilliamella apicola	Bacteria
58dca9fa-611e-4725-8467-13b47d346d91	1196095	1.0	confident	Gilliamella apicola	Bacteria
70a87e4c-df57-4859-965f-529b36b7365c	1196095	1.0	confident	Gilliamella apicola	Bacteria
d7917cd2-9dae-4622-87b8-d614c2e8ed82	1196095	1.0	confident	Gilliamella apicola	Bacteria
91578189-b9e2-4528-839f-9c626e9271e5	1196095	1.0	confident	Gilliamella apicola	Bacteria
deb2d6c2-a25b-4bba-8b29-545c54c85f1c	1196095	1.0	confident	Gilliamella apicola	Bacteria
14d62fd3-4cc7-4b42-bfa1-4dfe7c11b981	1196095	1.0	confident	Gilliamella apicola	Bacteria
e876463d-3fac-4544-80bc-5884ae9865a6	1196095	1.0	confident	Gilliamella apicola	Bacteria
521c911b-3ff2-448a-a0ba-9257464a47a9	1196095	1.0	confident	Gilliamella apicola	Bacteria
a09132e5-e47b-4320-ade5-15c1103482f2	1196095	1.0	confident	Gilliamella apicola	Bacteria
3847806c-2ce7-4043-a958-e00ec9598288	1196095	1.0	confident	Gilliamella apicola	Bacteria
92cde0d7-218b-4473-a3b0-0ef0282c591e	1196095	1.0	confident	Gilliamella apicola	Bacteria
63ff66f1-542b-41b2-bd9e-96f5ef1f5a4b	1196095	1.0	confident	Gilliamella apicola	Bacteria
c36179ff-e681-4a81-9e9d-f6d82b83a971	1196095	1.0	confident	Gilliamella apicola	Bacteria
649a88f9-2263-4ccf-a831-80ea465a2978	1196095	1.0	confident	Gilliamella apicola	Bacteria
cd158d3a-853f-4c65-ad52-89f72338e5f8	1196095	1.0	confident	Gilliamella apicola	Bacteria
47c0f3e4-f93d-4ee4-b96b-33c8328a4338	1196095	1.0	confident	Gilliamella apicola	Bacteria
f47b4b31-58ca-403a-9a25-5b4e676af16c	1196095	1.0	confident	Gilliamella apicola	Bacteria
0c8afb90-87c3-4e7c-9b76-04997409cedc	1196095	1.0	confident	Gilliamella apicola	Bacteria
2c003776-b65c-4922-94b8-cb9f86d8d93e	1196095	1.0	confident	Gilliamella apicola	Bacteria
50fddfd1-3f7e-4264-8c6a-75526356f97a	1196095	1.0	confident	Gilliamella apicola	Bacteria
3a40e499-f511-48dc-b936-fc1a16d830bc	1196095	1.0	confident	Gilliamella apicola	Bacteria
80286c1a-e96f-49d0-bc5c-bc0c19468aaf	1196095	1.0	confident	Gilliamella apicola	Bacteria
ca428f92-2911-4b42-b7b2-d6da6ad8fce3	1196095	1.0	confident	Gilliamella apicola	Bacteria
5d57e398-e4dd-4854-b1b6-a6d1054efd02	1196095	1.0	confident	Gilliamella apicola	Bacteria
19d24bba-ce20-4f3c-907e-638793f95c81	1196095	1.0	confident	Gilliamella apicola	Bacteria
198de5c4-4d67-4c95-a351-50ca6a5c9412	1196095	1.0	confident	Gilliamella apicola	Bacteria
e591eef8-aebb-49a5-a002-e521bc155f3d	1196095	1.0	confident	Gilliamella apicola	Bacteria
cf29095f-a359-474c-b863-0e16b2e6d8bd	1196095	1.0	confident	Gilliamella apicola	Bacteria
fb13f12b-b1d9-4c5c-8b73-78f6198bd445	1196095	1.0	confident	Gilliamella apicola	Bacteria
e15c67c5-5c13-4c40-9263-3892b7ed9017	1196095	1.0	confident	Gilliamella apicola	Bacteria
a46bfa59-ff88-4cc9-9a2e-d4b6bd88e39a	1196095	1.0	confident	Gilliamella apicola	Bacteria
46b8ce24-a783-4ee5-839c-544dfd263ea2	1196095	1.0	confident	Gilliamella apicola	Bacteria
c17dedc8-114c-45f1-8ec5-12fe0cabe0bc	1196095	1.0	confident	Gilliamella apicola	Bacteria
8d26ad41-5920-4260-beb6-7377490f5fe5	1196095	1.0	confident	Gilliamella apicola	Bacteria
fde4e147-c5b3-4198-b1f6-04161ef50b31	1196095	1.0	confident	Gilliamella apicola	Bacteria
5c5e90ab-4881-451c-b036-d38364a25a1a	1196095	1.0	confident	Gilliamella apicola	Bacteria
f8d2c7d3-b3ba-422f-8641-dbe1e09de7ce	1196095	1.0	confident	Gilliamella apicola	Bacteria
82c0669f-2477-46a7-aa9a-8df800dd6281	1196095	1.0	confident	Gilliamella apicola	Bacteria
1abc5d5c-e846-461f-a604-c3e7b0d3dd32	1196095	1.0	confident	Gilliamella apicola	Bacteria
589188f3-e9b4-40b6-98db-f855ba34b179	1196095	1.0	confident	Gilliamella apicola	Bacteria
9f812068-e579-47e3-bee4-815fb5faf1fb	1196095	1.0	confident	Gilliamella apicola	Bacteria
379abf22-3ffd-43b9-b17a-8e9d86ce7f3a	1196095	1.0	confident	Gilliamella apicola	Bacteria
93eaa099-79ce-4417-ba77-cc5905928217	1196095	1.0	confident	Gilliamella apicola	Bacteria
536f8337-35e9-4e03-b7b4-977e082bbea7	1196095	1.0	confident	Gilliamella apicola	Bacteria
19caa892-19f4-423f-81c0-95a508e89d3a	1196095	1.0	confident	Gilliamella apicola	Bacteria
c4d342a6-a9f5-4373-98a8-e1501550d694	1196095	1.0	confident	Gilliamella apicola	Bacteria
a6564edb-ccb2-42c4-8e88-1d4480f0cadf	1196095	1.0	confident	Gilliamella apicola	Bacteria
b8944236-fed1-4f72-a42c-586bb0424434	1196095	1.0	confident	Gilliamella apicola	Bacteria
bcf86393-c3e6-4328-81de-5948b5da12c8	1196095	1.0	confident	Gilliamella apicola	Bacteria
1fa4523f-ed0a-4cff-b243-645f0771f80d	1196095	1.0	confident	Gilliamella apicola	Bacteria
45f4d256-a568-4574-a823-90489dfad5c6	1196095	1.0	confident	Gilliamella apicola	Bacteria
3eac5e08-85b5-4387-82f5-38d6f0e7b24b	1196095	1.0	confident	Gilliamella apicola	Bacteria
a624c093-9672-426e-9db1-bfccd10a0354	1196095	1.0	confident	Gilliamella apicola	Bacteria
19e20fae-9e58-4002-bbf8-42625162ae1d	1196095	1.0	confident	Gilliamella apicola	Bacteria
25fb8da8-a502-4a70-a67d-55f97f02c47d	1196095	1.0	confident	Gilliamella apicola	Bacteria
eadd5498-4a92-4516-8990-8fd16a6b9b80	1196095	1.0	confident	Gilliamella apicola	Bacteria
f5200b59-55d4-4b8d-9d74-dc7e67c2efa7	1196095	1.0	confident	Gilliamella apicola	Bacteria
18cf7c29-1a54-40cb-9c3e-dc5d4834417a	1196095	1.0	confident	Gilliamella apicola	Bacteria
583fda44-a171-4a5d-a293-0ab1923eca90	1196095	1.0	confident	Gilliamella apicola	Bacteria
b381f9ef-640e-4a78-823a-1ea81e958f90	1196095	1.0	confident	Gilliamella apicola	Bacteria
12a710c1-b472-4664-b884-ccc2dcbf4de2	1196095	1.0	confident	Gilliamella apicola	Bacteria
f5dc6c64-676f-48ee-99b3-abd3ee283fdd	1196095	1.0	confident	Gilliamella apicola	Bacteria
ea852f9c-81e3-4c77-850d-fbdee43cfa2a	1196095	1.0	confident	Gilliamella apicola	Bacteria
be8844c3-0ada-48f2-a4e6-3da21943c9e7	1196095	1.0	confident	Gilliamella apicola	Bacteria
fd0bf910-2725-45cb-a065-61d6d70fadd7	1196095	1.0	confident	Gilliamella apicola	Bacteria
d0a503cf-b992-4dc9-a41d-86bd68f65f83	1196095	1.0	confident	Gilliamella apicola	Bacteria
b0dcf877-781a-4932-a2e4-e10ab2b71a45	1196095	1.0	confident	Gilliamella apicola	Bacteria
23c1dc12-7405-4f83-88b4-a9e0f1e85d71	1196095	1.0	confident	Gilliamella apicola	Bacteria
783796c3-dcc0-44f3-a02c-a10d3f48fb79	1196095	1.0	confident	Gilliamella apicola	Bacteria
edcf50bd-30f0-486a-9c96-e2a51ab06664	1196095	1.0	confident	Gilliamella apicola	Bacteria
183ee9b2-aa06-4354-a4ef-6973ba994d7a	1196095	1.0	confident	Gilliamella apicola	Bacteria
f6c754b2-cc27-4bf3-bda6-1f145e1b0862	1196095	1.0	confident	Gilliamella apicola	Bacteria
cef81d87-9b9f-485c-92a7-56e58e44f38f	1196095	1.0	confident	Gilliamella apicola	Bacteria
88e11f5c-df10-4111-9b5f-442424cd4860	1196095	1.0	confident	Gilliamella apicola	Bacteria
f6bfdfd5-6079-49ba-ba85-87deb5f3bf9e	1196095	1.0	confident	Gilliamella apicola	Bacteria
ee170ece-8757-4baf-b0f4-c6f1ca3c42a0	1196095	1.0	confident	Gilliamella apicola	Bacteria
97d1ba40-1328-45f8-a810-3e920e4d6e79	1196095	1.0	confident	Gilliamella apicola	Bacteria
ee0722c4-a020-47d6-b567-0d4e9841b75d	1196095	1.0	confident	Gilliamella apicola	Bacteria
5222eca9-9fea-40be-bb02-05e485aacf20	1196095	1.0	confident	Gilliamella apicola	Bacteria
6884381d-96b5-409c-bc2a-8b596b7b00e7	1196095	1.0	confident	Gilliamella apicola	Bacteria
ab82637d-118b-4d0e-8529-bbc677ae6124	1196095	1.0	confident	Gilliamella apicola	Bacteria
7638483c-b6cf-492f-baf0-927092c8d2dc	1196095	1.0	confident	Gilliamella apicola	Bacteria
a00c8503-688e-4603-807c-6eaad1592ef2	1196095	1.0	confident	Gilliamella apicola	Bacteria
2d7e1cb3-39d9-4015-851f-58df620abeb7	1196095	1.0	confident	Gilliamella apicola	Bacteria
862fcce9-706b-4f72-90d4-3d2d682d4b2c	1196095	1.0	confident	Gilliamella apicola	Bacteria
c883ea83-fddc-44b1-ae24-14a299b0c2cf	1196095	1.0	confident	Gilliamella apicola	Bacteria
6433833f-d53c-4760-859a-f974a436698a	1196095	1.0	confident	Gilliamella apicola	Bacteria
75ac0452-5613-48d5-853e-d5a29e8834e5	1196095	1.0	confident	Gilliamella apicola	Bacteria
d2db730e-189f-4129-8409-41066271204d	1196095	1.0	confident	Gilliamella apicola	Bacteria
090899a6-d886-4396-a517-4a6d3a8b78ed	1196095	1.0	confident	Gilliamella apicola	Bacteria
82a1b435-c045-4f6d-8481-9f1aa614ec5d	1196095	1.0	confident	Gilliamella apicola	Bacteria
4444c813-02e6-451d-952f-bf1e9cd920b1	1196095	1.0	confident	Gilliamella apicola	Bacteria
d1d83473-ada9-4259-921e-19ea81e95208	1196095	1.0	confident	Gilliamella apicola	Bacteria
627b2ca7-2332-46c0-89ef-eefc64c0823e	1196095	1.0	confident	Gilliamella apicola	Bacteria
b68f9cab-77d5-494f-aafd-f13af4d5876c	1196095	1.0	confident	Gilliamella apicola	Bacteria
1882028c-944a-443a-828f-44bfa43043d0	1196095	1.0	confident	Gilliamella apicola	Bacteria
ee12fa33-509d-42fd-ad3d-ec02f50ba767	1196095	1.0	confident	Gilliamella apicola	Bacteria
c3d18710-6506-4db1-97be-64c9507c517b	1196095	1.0	confident	Gilliamella apicola	Bacteria
dddb66a9-721f-4035-9497-1b6ba022cc47	1196095	1.0	confident	Gilliamella apicola	Bacteria
40fc8cf6-37d1-44dd-b063-9bddbd79040d	1196095	1.0	confident	Gilliamella apicola	Bacteria
b190a407-295d-4a28-937b-5dd57b09084e	1196095	1.0	confident	Gilliamella apicola	Bacteria
5d5c8f1a-7bed-4a7d-bfef-17c0c59b4365	1196095	1.0	confident	Gilliamella apicola	Bacteria
171c481b-8710-42fc-9370-2f684fc619e8	1196095	1.0	confident	Gilliamella apicola	Bacteria
04aded9f-8401-4b57-8220-05ceebbca3ea	1196095	1.0	confident	Gilliamella apicola	Bacteria
4d632eb0-3232-4799-800e-146b8ac95672	1196095	1.0	confident	Gilliamella apicola	Bacteria
099c81b6-ded9-4c1e-bc3b-140056cf34e4	1196095	1.0	confident	Gilliamella apicola	Bacteria
a3920e32-cbd0-4126-a948-f40fe19e218c	1196095	1.0	confident	Gilliamella apicola	Bacteria
3b31f29b-b0c6-4498-97ce-61f98a543b7c	1196095	1.0	confident	Gilliamella apicola	Bacteria
28f6297d-91d2-4e42-a05d-ae64400fcaa9	1196095	1.0	confident	Gilliamella apicola	Bacteria
98459fe2-749e-4afa-b436-eb1aea17b1fb	1196095	1.0	confident	Gilliamella apicola	Bacteria
db30265b-8c3a-4be9-a360-025f5e98a94f	1196095	1.0	confident	Gilliamella apicola	Bacteria
5c7183b3-62ca-46c7-9380-f9514df5178a	1196095	1.0	confident	Gilliamella apicola	Bacteria
093554f1-1f77-473d-a798-a724cdfd72e4	1196095	1.0	confident	Gilliamella apicola	Bacteria
29075945-2357-49a9-9962-9879a0467265	1196095	1.0	confident	Gilliamella apicola	Bacteria
a2fcd3c9-2872-46c2-8d56-c6fb633a748c	1196095	1.0	confident	Gilliamella apicola	Bacteria
aa4a6fbc-dd67-4743-91ad-ba3ac2052ecc	1196095	1.0	confident	Gilliamella apicola	Bacteria
2753be81-8d82-4f69-b479-e8d9a985c09a	1196095	1.0	confident	Gilliamella apicola	Bacteria
a97bd8ad-4ba5-49de-a288-08d7c0386ad8	1196095	1.0	confident	Gilliamella apicola	Bacteria
0c548961-5ef7-49ea-8432-ef6ac0d7ed6c	1196095	1.0	confident	Gilliamella apicola	Bacteria
ad8bf115-6f32-408d-ab97-89ff5dc4bff5	1196095	1.0	confident	Gilliamella apicola	Bacteria
347effac-8984-44b5-bb0e-9ea3f34b1391	1196095	1.0	confident	Gilliamella apicola	Bacteria
967e4ca3-95e5-4115-939d-557b64bc550f	1196095	1.0	confident	Gilliamella apicola	Bacteria
199e5957-bf10-47f9-8fcd-64f27134ff56	1196095	1.0	confident	Gilliamella apicola	Bacteria
b437176a-85a9-498e-ac5a-4c77cc0d0720	1196095	1.0	confident	Gilliamella apicola	Bacteria
35a4fd7f-5c51-48a7-94fc-ad1db83ad59f	1196095	1.0	confident	Gilliamella apicola	Bacteria
647b6a18-dede-449a-9a32-03f696da4b8c	1196095	1.0	confident	Gilliamella apicola	Bacteria
03877e48-f745-4d45-9027-f33a7c0c127a	1196095	1.0	confident	Gilliamella apicola	Bacteria
25fad05c-d084-4983-8df3-23a5806ed020	1196095	1.0	confident	Gilliamella apicola	Bacteria
25d47cfc-7e86-4b42-b151-c7469cfc57b9	1196095	1.0	confident	Gilliamella apicola	Bacteria
ba8e2e97-2d8e-47a1-a910-b9bea9fbf442	1196095	1.0	confident	Gilliamella apicola	Bacteria
4604b1d7-133e-4152-9293-509a1e002d38	1196095	1.0	confident	Gilliamella apicola	Bacteria
e0c65623-61db-4544-b7ee-1babf33f1df9	1196095	1.0	confident	Gilliamella apicola	Bacteria
ba5960e0-defc-4db8-a498-c56fe8aca136	1196095	1.0	confident	Gilliamella apicola	Bacteria
5df352ec-0312-4f87-a769-11eacdec8e3c	1196095	1.0	confident	Gilliamella apicola	Bacteria
363bb026-d3ec-4383-af68-a30129c31a2e	1196095	1.0	confident	Gilliamella apicola	Bacteria
be01be5e-e639-4a7c-8b4e-246c42e314f5	1196095	1.0	confident	Gilliamella apicola	Bacteria
6c93af76-ea4c-44e3-9b49-2bb6c18e692f	1196095	1.0	confident	Gilliamella apicola	Bacteria
27cc6936-0cb1-4cb0-9a36-a962590865c3	1196095	1.0	confident	Gilliamella apicola	Bacteria
5c7ec012-2c6b-42f4-9678-3f7a79827787	1196095	1.0	confident	Gilliamella apicola	Bacteria
65b25a16-1094-4292-9c36-03ff019dd213	1196095	1.0	confident	Gilliamella apicola	Bacteria
6224d738-2afb-47e2-9de4-7de4221fbe1b	1196095	1.0	confident	Gilliamella apicola	Bacteria
797a033e-2cbc-49fc-ab07-51b80c133492	1196095	1.0	confident	Gilliamella apicola	Bacteria
b0ed21bf-660e-492d-98c0-6dd722aaa2fc	1196095	1.0	confident	Gilliamella apicola	Bacteria
f04ee9a2-7ff9-4dfb-8d69-89532ce074b7	1196095	1.0	confident	Gilliamella apicola	Bacteria
ad713f06-974d-4bec-89d1-49c9fdec8df5	1196095	1.0	confident	Gilliamella apicola	Bacteria
0d8a2fb1-1af3-44fb-b0b0-9ad55f47e51e	1196095	1.0	confident	Gilliamella apicola	Bacteria
229f029b-ae3e-4705-810a-9d532a1389df	1196095	1.0	confident	Gilliamella apicola	Bacteria
5792bce3-cd25-40ae-9030-2fa4dbad740c	1196095	1.0	confident	Gilliamella apicola	Bacteria
80c9107f-35d2-41e5-8f10-ba29b9a5bc0c	1196095	1.0	confident	Gilliamella apicola	Bacteria
d81111c7-5050-42cb-8e74-c37f43061c69	1196095	1.0	confident	Gilliamella apicola	Bacteria
3fca8b5c-abbe-464f-9f5b-0914999c0e53	1196095	1.0	confident	Gilliamella apicola	Bacteria
da77d134-9dc8-4857-94aa-4fd86f53ee33	1196095	1.0	confident	Gilliamella apicola	Bacteria
ba88db79-5152-4738-97b2-71fbb6df5140	1196095	1.0	confident	Gilliamella apicola	Bacteria
1e02ed78-c80c-4476-9dcd-a6162ff6a656	1196095	1.0	confident	Gilliamella apicola	Bacteria
35bd3cbb-2b16-425d-af03-9612e90d96c7	1196095	1.0	confident	Gilliamella apicola	Bacteria
d3dabfcc-6f48-40ec-817d-c29f4ac0eb31	1196095	1.0	confident	Gilliamella apicola	Bacteria
629ebc46-7940-4ca2-a483-42665ba4e3fb	1196095	1.0	confident	Gilliamella apicola	Bacteria
7b68be8e-3a23-4efb-8875-7bd5158c0cca	1196095	1.0	confident	Gilliamella apicola	Bacteria
4494c5ce-245c-48b8-8537-293448b5f8e4	1196095	1.0	confident	Gilliamella apicola	Bacteria
103309bb-8b03-4c98-b38b-abfae0645072	1196095	1.0	confident	Gilliamella apicola	Bacteria
7b79e3f3-9692-47ea-a0f8-f8a4cf0019f7	1196095	1.0	confident	Gilliamella apicola	Bacteria
61b53faf-d9cb-4919-90cb-58da38f69034	1196095	1.0	confident	Gilliamella apicola	Bacteria
ce4f7b49-b2e2-4d46-b275-554704379915	1196095	1.0	confident	Gilliamella apicola	Bacteria
cbe3f4f6-3085-4bbe-9704-2707f100e291	1196095	1.0	confident	Gilliamella apicola	Bacteria
e79efb47-2730-46c8-ad84-299bc12b1c09	1196095	1.0	confident	Gilliamella apicola	Bacteria
c6a6f855-0c6b-49d3-b8c5-d824c4b6f326	1196095	1.0	confident	Gilliamella apicola	Bacteria
dc46197c-fe37-4f58-9c43-81a8a9df7f33	1196095	1.0	confident	Gilliamella apicola	Bacteria
d05886da-89eb-4459-bbcc-38de1cf74aa9	1196095	1.0	confident	Gilliamella apicola	Bacteria
0c347c68-513a-415f-9906-e235c1e13d7e	1196095	1.0	confident	Gilliamella apicola	Bacteria
044a4251-7b33-4e13-9892-bf3cd7fc7aa7	1196095	1.0	confident	Gilliamella apicola	Bacteria
76a32fb7-17bb-4f08-84b8-a8f63e6ab537	1196095	1.0	confident	Gilliamella apicola	Bacteria
4b8a4a2b-c51c-4b32-824f-49f3c76aa575	1196095	1.0	confident	Gilliamella apicola	Bacteria
8f2fd52c-9a5d-4304-a072-de583f1328ca	1196095	1.0	confident	Gilliamella apicola	Bacteria
8757551b-4edb-480e-9187-3a5f4fd45d1b	1196095	1.0	confident	Gilliamella apicola	Bacteria
7720afb9-1f92-4fb5-a111-bf3931407520	1196095	1.0	confident	Gilliamella apicola	Bacteria
89c39f40-8eea-4179-bcc6-141dde21b7cc	1196095	1.0	confident	Gilliamella apicola	Bacteria
a020dee2-d437-4bb0-9b1f-873cde75c55d	1196095	1.0	confident	Gilliamella apicola	Bacteria
abf94f27-9598-4123-a749-71485c2956cd	1196095	1.0	confident	Gilliamella apicola	Bacteria
a3787510-4fa0-45e0-8a47-4ad9d8c74cf0	1196095	1.0	confident	Gilliamella apicola	Bacteria
96f5a990-b12e-4872-817b-3a8a48e54fdc	1196095	1.0	confident	Gilliamella apicola	Bacteria
13120723-0642-41df-84ca-5a41363fdbd0	1196095	1.0	confident	Gilliamella apicola	Bacteria
7ff1582b-4b66-4865-9d5d-fe282a1ea042	1196095	1.0	confident	Gilliamella apicola	Bacteria
2bb86a5e-0cc6-4cf6-a224-05c80081fdef	1196095	1.0	confident	Gilliamella apicola	Bacteria
3cec4b89-36b9-4512-ba5d-67e8006f7a4e	1196095	1.0	confident	Gilliamella apicola	Bacteria
b4d702b8-e141-4c98-b42e-f89efef92067	1196095	1.0	confident	Gilliamella apicola	Bacteria
54c8ccb0-281e-43ec-82e5-93bd2d8de041	1196095	1.0	confident	Gilliamella apicola	Bacteria
0faa193b-455e-44ab-9038-bb8755bc307a	1196095	1.0	confident	Gilliamella apicola	Bacteria
a5db26ca-3217-447c-9855-71cc2e8a01a8	1196095	1.0	confident	Gilliamella apicola	Bacteria
15702881-a7c0-44dd-9ed1-aa8368f55262	1196095	1.0	confident	Gilliamella apicola	Bacteria
abcadf74-4b94-494c-8834-1617a624c7ee	1196095	1.0	confident	Gilliamella apicola	Bacteria
b209976e-72e0-40a7-9bf1-564e865ccb06	1196095	1.0	confident	Gilliamella apicola	Bacteria
21fa6f88-6fea-4762-8ece-2f7b10f56568	1196095	1.0	confident	Gilliamella apicola	Bacteria
feb78d81-db97-48f8-b25e-c3d4997b0ada	1196095	1.0	confident	Gilliamella apicola	Bacteria
39c6ec66-0614-4484-8c4d-ec7954da7332	1196095	1.0	confident	Gilliamella apicola	Bacteria
1f4e8f86-0b30-49de-95fb-0ed3710380ec	1196095	1.0	confident	Gilliamella apicola	Bacteria
2445ff07-beab-495f-a4cd-9e9217786d99	1196095	1.0	confident	Gilliamella apicola	Bacteria
6f205fd5-80de-4c9d-aa8f-0d4b58f4a152	1196095	1.0	confident	Gilliamella apicola	Bacteria
1bc56aeb-40f1-4a3a-8787-8d47ffc02920	1196095	1.0	confident	Gilliamella apicola	Bacteria
fdb45112-710e-45d7-b9f9-191b50e298cc	1196095	1.0	confident	Gilliamella apicola	Bacteria
c734125f-dde8-4855-97da-6ad70054f668	1196095	1.0	confident	Gilliamella apicola	Bacteria
d8ae6082-384f-410b-8044-fa0edb6707fd	1196095	1.0	confident	Gilliamella apicola	Bacteria
d823baed-2e4a-4347-b01a-92fb3166244b	1196095	1.0	confident	Gilliamella apicola	Bacteria
48c78bdd-f4e9-4234-ba7e-685b5b7662d0	1196095	1.0	confident	Gilliamella apicola	Bacteria
432cc912-48d6-4bb0-94c1-71e5620e7071	1196095	1.0	confident	Gilliamella apicola	Bacteria
e8c6a217-1bca-47f2-8b9e-ce4081787b4e	1196095	1.0	confident	Gilliamella apicola	Bacteria
13f20dfb-29b4-4964-93f7-959f9a157fcb	1196095	1.0	confident	Gilliamella apicola	Bacteria
7156399b-affc-4914-9f6e-4dacbef967dc	10002616	1.0	confident	Laceyella sacchari	Bacteria
6c8e2972-fba4-4663-92fb-cff64b9533b3	1196095	1.0	confident	Gilliamella apicola	Bacteria
0aa070f9-6e37-4747-9e02-57591dc16f02	1196095	1.0	confident	Gilliamella apicola	Bacteria
446b793b-4584-4504-be26-5c5cad4e9255	1196095	1.0	confident	Gilliamella apicola	Bacteria
b550abaa-6fc9-42a1-98e9-fdce71500e22	1196095	1.0	confident	Gilliamella apicola	Bacteria
90c7632c-d3ee-44e7-9d21-e72e5832e468	1196095	1.0	confident	Gilliamella apicola	Bacteria
eb091673-8d30-458f-bff1-9c73570aab83	1196095	1.0	confident	Gilliamella apicola	Bacteria
c06fc534-9089-4ca5-9340-00bbc5c1da2d	1196095	1.0	confident	Gilliamella apicola	Bacteria
499a9cd8-3f0a-4734-a9fa-9839104b2032	1196095	1.0	confident	Gilliamella apicola	Bacteria
5bf37269-104f-4541-b635-e41fa00607d1	1196095	1.0	confident	Gilliamella apicola	Bacteria
0ac20123-4d67-4f8d-9851-5b3767a825ca	1196095	1.0	confident	Gilliamella apicola	Bacteria
efde1a68-6e7b-444b-a0df-148407b3da49	1196095	1.0	confident	Gilliamella apicola	Bacteria
f55204fb-06bb-45be-9423-741749d5b4b2	1196095	1.0	confident	Gilliamella apicola	Bacteria
b0090da6-d9b4-447c-ab86-cbbbb0e99043	1196095	1.0	confident	Gilliamella apicola	Bacteria
dd76bd96-4d33-45c8-89e4-02e81b1b563b	1196095	1.0	confident	Gilliamella apicola	Bacteria
9073f822-2840-4bd1-87d4-7ac3729fa2e3	1196095	1.0	confident	Gilliamella apicola	Bacteria
f88bbaea-efd3-47cf-a60b-5ac3bb290069	1196095	1.0	confident	Gilliamella apicola	Bacteria
a7a48472-0e06-4881-b43b-8852784c2e28	1196095	1.0	confident	Gilliamella apicola	Bacteria
549ad49b-53e0-41d4-aef2-962ca26ea283	1196095	1.0	confident	Gilliamella apicola	Bacteria
7c8230d8-12e2-4de3-bc7b-94c8183e5af1	1196095	1.0	confident	Gilliamella apicola	Bacteria
482d5eb3-095d-4f78-8d46-b5289238b66c	1196095	1.0	confident	Gilliamella apicola	Bacteria
8ac64dbc-a779-412b-8e23-7b66f5e57e5f	1196095	1.0	confident	Gilliamella apicola	Bacteria
4f4e4402-1e76-4a96-9b3f-c79b879c2cea	1196095	1.0	confident	Gilliamella apicola	Bacteria
4701c5ab-dcd3-4f36-9cd8-f04feac0ad0b	1196095	1.0	confident	Gilliamella apicola	Bacteria
a81c463e-7b25-4e7e-a165-6006fc8566ab	1196095	1.0	confident	Gilliamella apicola	Bacteria
b847f2a5-6c3c-4bd2-a1a6-e8eb494050a1	1196095	1.0	confident	Gilliamella apicola	Bacteria
143a00aa-10c2-499c-8655-9fb09fd9df8a	1196095	1.0	confident	Gilliamella apicola	Bacteria
75001548-fad8-4227-877d-b128b6c174ad	1196095	1.0	confident	Gilliamella apicola	Bacteria
76927d1d-3617-49c8-9fa4-3b38c560c29e	1196095	1.0	confident	Gilliamella apicola	Bacteria
5623c1ba-e976-4886-a002-77cc26d6a9b5	1196095	1.0	confident	Gilliamella apicola	Bacteria
dcae5aba-d2d3-4712-94a9-bb1156442cc9	1196095	1.0	confident	Gilliamella apicola	Bacteria
cddba1c2-0509-4c94-9ccc-3b9762c36fef	1196095	1.0	confident	Gilliamella apicola	Bacteria
b48c1a8e-8904-41b4-bd07-2d3665521c82	1196095	1.0	confident	Gilliamella apicola	Bacteria
8adc71fa-602c-4ca3-9b63-0927d42407e9	1196095	1.0	confident	Gilliamella apicola	Bacteria
b68e7ac7-522f-42dd-b4bd-3a425e2c1a24	1196095	1.0	confident	Gilliamella apicola	Bacteria
63b00625-8778-4412-94bb-a255a1b0da0a	1196095	1.0	confident	Gilliamella apicola	Bacteria
d5587227-14ec-4eb3-8d66-9b9d1d934bf9	1196095	1.0	confident	Gilliamella apicola	Bacteria
8b121a41-ccb1-4c6d-9b65-e87a3445e8af	1196095	1.0	confident	Gilliamella apicola	Bacteria
a499dd89-be58-44ff-af7b-589297fa30a6	1196095	1.0	confident	Gilliamella apicola	Bacteria
31267875-550f-48f5-826d-c5e281f6fec1	1196095	1.0	confident	Gilliamella apicola	Bacteria
cd2a2aca-3bc2-4d00-b5c2-7c4000319d81	1196095	1.0	confident	Gilliamella apicola	Bacteria
9ef5bcd3-94d8-42b5-ba6a-91f19b4ad1ad	1196095	1.0	confident	Gilliamella apicola	Bacteria
6eb0caad-2b0c-44bf-8b0a-f113c2a04855	1196095	1.0	confident	Gilliamella apicola	Bacteria
e82b4c31-b74c-420e-a4a0-f4d0a0bb6351	1196095	1.0	confident	Gilliamella apicola	Bacteria
a1d2e509-0f2c-4b9c-87bc-015cdb6ba890	1196095	1.0	confident	Gilliamella apicola	Bacteria
12b9aceb-170c-42f7-a3c8-3f620ad535ac	1196095	1.0	confident	Gilliamella apicola	Bacteria
3bfab412-51e1-436e-9b40-01f254a60aa6	1196095	1.0	confident	Gilliamella apicola	Bacteria
a370eafb-aed3-426e-b266-94aa32311ece	1196095	1.0	confident	Gilliamella apicola	Bacteria
0a82cf63-750c-4d57-b19e-4d1a7d3ce2b2	1196095	1.0	confident	Gilliamella apicola	Bacteria
5fe3e0d7-a7cf-4d4f-b34d-96352007d246	1196095	1.0	confident	Gilliamella apicola	Bacteria
28663b69-de5e-40c7-8245-6635a939abe0	1196095	1.0	confident	Gilliamella apicola	Bacteria
8d495bbe-5dcd-4993-8a95-c0a8cbb6d08a	1196095	1.0	confident	Gilliamella apicola	Bacteria
c287cb01-04df-4aef-8be3-5be6f5b339e5	1196095	1.0	confident	Gilliamella apicola	Bacteria
151ae73f-426d-476c-b71c-ac0b3f6ae9a1	1196095	1.0	confident	Gilliamella apicola	Bacteria
ae00c79d-4fde-4395-a34d-ab502f38f26a	1196095	1.0	confident	Gilliamella apicola	Bacteria
e02b52fc-4d7a-42bf-be13-548dcdc7754b	1196095	1.0	confident	Gilliamella apicola	Bacteria
259202be-f973-4222-8b65-83db527e80ba	1196095	1.0	confident	Gilliamella apicola	Bacteria
12ef12b4-cac1-45fd-90eb-c4fd3e5b660d	1196095	1.0	confident	Gilliamella apicola	Bacteria
73093c9b-c87a-48b7-862e-53dfe568ed82	1196095	1.0	confident	Gilliamella apicola	Bacteria
8ad17f30-be50-4459-b0f9-bbeb958d6625	1196095	1.0	confident	Gilliamella apicola	Bacteria
8b711516-ad54-4592-b9c0-b206b7a82a52	1196095	1.0	confident	Gilliamella apicola	Bacteria
27088033-524a-40d0-a742-c1edb110d988	1196095	1.0	confident	Gilliamella apicola	Bacteria
b5326740-304d-4d26-9878-b43e1b9e27c7	1196095	1.0	confident	Gilliamella apicola	Bacteria
c80fc222-a3e2-40c0-b338-de036ddf3f0a	1196095	1.0	confident	Gilliamella apicola	Bacteria
b415baa8-033d-41ee-8511-56f6a12f6484	1196095	1.0	confident	Gilliamella apicola	Bacteria
9390113b-cd27-44d2-8754-eabef31bcfec	1196095	1.0	confident	Gilliamella apicola	Bacteria
c0aa1ca3-5707-46d0-a789-4b8823edaf53	1196095	1.0	confident	Gilliamella apicola	Bacteria
45645475-036a-42ef-849a-67f46eafedc2	1196095	1.0	confident	Gilliamella apicola	Bacteria
72cb4b83-551a-4d8c-be26-964902f9243c	1196095	1.0	confident	Gilliamella apicola	Bacteria
18f530db-e83c-4611-ad7c-c216507cd5c6	1196095	1.0	confident	Gilliamella apicola	Bacteria
3307b122-9fe2-4d02-80f1-fcd448323c6b	1196095	1.0	confident	Gilliamella apicola	Bacteria
a315256b-f9f2-471e-a11b-033a5ac921a3	1196095	1.0	confident	Gilliamella apicola	Bacteria
866abc28-1317-4d36-9ca8-0c274438fe90	1196095	1.0	confident	Gilliamella apicola	Bacteria
5af2f545-5f93-4c27-881a-8912a0f7f79b	1196095	1.0	confident	Gilliamella apicola	Bacteria
ba3c9e64-4fe1-4115-aabf-f4ff9662f603	1196095	1.0	confident	Gilliamella apicola	Bacteria
bb02b347-a2d2-4e67-88b1-a492ac7347d7	1196095	1.0	confident	Gilliamella apicola	Bacteria
50dd4647-28c3-42be-89c7-c5fa47bff74a	1196095	1.0	confident	Gilliamella apicola	Bacteria
866faa75-a38e-401e-b8ad-6dc7ca47471d	1196095	1.0	confident	Gilliamella apicola	Bacteria
a7b7f9f7-590a-48d8-8814-821a57ab7267	1196095	1.0	confident	Gilliamella apicola	Bacteria
5f89d186-10d6-4216-8035-7ba0349eb659	1196095	1.0	confident	Gilliamella apicola	Bacteria
68fe33ee-d498-44b2-b53c-de9812acb175	1196095	1.0	confident	Gilliamella apicola	Bacteria
fb86cced-86b9-48ec-a180-9143ab2459b4	1196095	1.0	confident	Gilliamella apicola	Bacteria
9e8c3e53-34b4-4506-af83-b00f015a205f	1196095	1.0	confident	Gilliamella apicola	Bacteria
9528cdd7-557a-4036-a414-a87b37acbf15	1196095	1.0	confident	Gilliamella apicola	Bacteria
1abfd1f3-7e17-4e70-bf72-48ab7ef10f0b	1196095	1.0	confident	Gilliamella apicola	Bacteria
05f0902f-c60c-48a8-9299-6cbf48c43672	1196095	1.0	confident	Gilliamella apicola	Bacteria
01dbc4ac-116c-42fb-b012-5a4e65a858d4	1196095	1.0	confident	Gilliamella apicola	Bacteria
9542ba08-6e39-44ad-a44d-6604f416a5fe	1196095	1.0	confident	Gilliamella apicola	Bacteria
f5f365df-46b1-41ca-a27b-0e487d4cccf5	1196095	1.0	confident	Gilliamella apicola	Bacteria
e8b8e8d2-b4a7-46ec-9614-49d56906d8a6	1196095	1.0	confident	Gilliamella apicola	Bacteria
ca4da1cf-6325-42bb-8b92-2d8e50d100b1	1196095	1.0	confident	Gilliamella apicola	Bacteria
cafdd0a0-53e6-4967-9bf2-78e9fee3e2ea	1196095	1.0	confident	Gilliamella apicola	Bacteria
22234735-f1ea-4259-8cda-7b7f93683aa9	1196095	1.0	confident	Gilliamella apicola	Bacteria
a1169fbf-4607-463b-8f07-d593c690d123	1196095	1.0	confident	Gilliamella apicola	Bacteria
73f61ccb-4122-4838-acfd-2389e8898b8a	1196095	1.0	confident	Gilliamella apicola	Bacteria
494f97bc-a0a0-4911-aedb-9e80cbb31d51	1196095	1.0	confident	Gilliamella apicola	Bacteria
d766dc21-438d-49af-9af0-a587c09eb1f1	1196095	1.0	confident	Gilliamella apicola	Bacteria
ef83cfdb-a442-4f68-96f5-0d7e93bac9c5	1196095	1.0	confident	Gilliamella apicola	Bacteria
fb561947-7396-4027-87ac-e16308f3c312	1196095	1.0	confident	Gilliamella apicola	Bacteria
19ea2a15-cc86-4e16-b7ba-bff3d4e2ae2b	1196095	1.0	confident	Gilliamella apicola	Bacteria
a71a3899-4b68-4c9b-8c15-23866a716dbc	1196095	1.0	confident	Gilliamella apicola	Bacteria
99d28d42-e741-4e16-beef-3eb48a738792	1196095	1.0	confident	Gilliamella apicola	Bacteria
cc7b527f-353c-49bb-b0f8-d3461dc4a939	1196095	1.0	confident	Gilliamella apicola	Bacteria
448c4cc3-aff9-4d5c-9546-7842592e8533	1196095	1.0	confident	Gilliamella apicola	Bacteria
dab87455-e1c7-4159-bb4d-648992066b0a	1196095	1.0	confident	Gilliamella apicola	Bacteria
59b6c566-57e2-4f77-b3c5-c46467850d7f	1196095	1.0	confident	Gilliamella apicola	Bacteria
dc993067-4550-40e4-b6a8-75c5976f7509	1196095	1.0	confident	Gilliamella apicola	Bacteria
a7a795f0-ca75-4edc-b41e-dc1520aafa4b	1196095	1.0	confident	Gilliamella apicola	Bacteria
bcbd5dec-197c-4bdf-a5ec-11b792ffdefc	1196083	1.0	confident	Snodgrassella alvi	Bacteria
9b8dad99-6e18-4251-ad3d-7ae27269640d	1196083	1.0	confident	Snodgrassella alvi	Bacteria
316c554a-910c-46ef-986a-982f3c4994ea	1196083	1.0	confident	Snodgrassella alvi	Bacteria
b389dcf6-6c99-4990-b407-285f269a42de	1196083	1.0	confident	Snodgrassella alvi	Bacteria
b2f83efd-d030-4fde-a822-91ba2f9fe656	1196083	1.0	confident	Snodgrassella alvi	Bacteria
d0626e23-5d2d-4337-ad21-d4944e26bd12	303541	1.0	confident	Lactobacillus apis	Bacteria
45ad3205-0832-499c-ad4d-44cd9f299aa7	303541	1.0	confident	Lactobacillus apis	Bacteria
1ef0aa7e-1bbe-4002-a4ba-e2fcbd75a917	303541	1.0	confident	Lactobacillus apis	Bacteria
e1e098b9-0f7a-463f-83bc-69802b1f9eb5	303541	1.0	confident	Lactobacillus apis	Bacteria
0bc198d1-e3b9-4384-bebf-361be45040f1	303541	1.0	confident	Lactobacillus apis	Bacteria
cb793cb4-46fe-4eb1-bbbe-29babd701414	303541	1.0	confident	Lactobacillus apis	Bacteria
45bd306d-43d7-453d-becd-2ae22d5e4c5a	303541	1.0	confident	Lactobacillus apis	Bacteria
540969fd-82af-4e3b-990b-d2b03b3b2b91	303541	1.0	confident	Lactobacillus apis	Bacteria
14211e08-aeed-4638-b2e5-e8be627004dc	303541	1.0	confident	Lactobacillus apis	Bacteria
8252cad9-7de8-4c4b-b70d-1e2ea38cf2a4	303541	1.0	confident	Lactobacillus apis	Bacteria
04dfdce7-3b14-434e-967d-cc1d4b6803c3	303541	1.0	confident	Lactobacillus apis	Bacteria
31fa59a0-c858-4691-96ec-8488601f7ede	303541	1.0	confident	Lactobacillus apis	Bacteria
222479b5-e4d7-406a-819f-beb5353d7c1e	303541	1.0	confident	Lactobacillus apis	Bacteria
04cef773-8e34-4762-9939-8b37581249cf	303541	1.0	confident	Lactobacillus apis	Bacteria
aa0ac734-4393-4782-bef5-075635156e78	303541	1.0	confident	Lactobacillus apis	Bacteria
f02b24c8-7f65-46f9-a16f-04ab4593c950	303541	1.0	confident	Lactobacillus apis	Bacteria
e50cc38a-14f2-452b-a313-6e8c3be633ca	303541	1.0	confident	Lactobacillus apis	Bacteria
758e2f8d-d88e-469c-ba85-93194e5a3969	303541	1.0	confident	Lactobacillus apis	Bacteria
7640ce61-3738-42da-9dfb-9868b28f4d22	303541	1.0	confident	Lactobacillus apis	Bacteria
f1e347ee-d057-4b49-874e-4de27d7339fa	303541	1.0	confident	Lactobacillus apis	Bacteria
cb31e940-50b3-4d3b-ac64-a335f676a9c2	303541	1.0	confident	Lactobacillus apis	Bacteria
bdd2f973-da16-4795-b85d-b61aa44d6338	303541	1.0	confident	Lactobacillus apis	Bacteria
89ef7b46-aa78-4a2d-878e-22feb5153996	303541	1.0	confident	Lactobacillus apis	Bacteria
08fe419d-f7a0-42c0-9ab4-3d98007fa53f	303541	1.0	confident	Lactobacillus apis	Bacteria
5b270f01-5906-40b5-9fbb-f1c0f7f16797	303541	1.0	confident	Lactobacillus apis	Bacteria
aa47bda3-cfc1-466d-b16d-dfb7cc40d39d	303541	1.0	confident	Lactobacillus apis	Bacteria
5f9de9df-e5ee-481e-89ce-4528d10d2836	303541	1.0	confident	Lactobacillus apis	Bacteria
b07c0e41-bca7-4665-95b3-c85abe8c007d	303541	1.0	confident	Lactobacillus apis	Bacteria
6b2ff784-e0cc-44ca-9db4-268acd4ae657	303541	1.0	confident	Lactobacillus apis	Bacteria
a9750452-e11a-494c-8638-149b2663775d	303541	1.0	confident	Lactobacillus apis	Bacteria
65a840d1-e65f-4416-8707-56760a0aa6b0	303541	1.0	confident	Lactobacillus apis	Bacteria
e4279e5b-c353-4d2c-8790-765c7abec495	303541	1.0	confident	Lactobacillus apis	Bacteria
8c0d686d-b557-4c42-ab9e-140d87b74030	303541	1.0	confident	Lactobacillus apis	Bacteria
59fda55b-4bcb-4c7c-8cf7-9cf313841d07	303541	1.0	confident	Lactobacillus apis	Bacteria
ffee2f84-23ac-4171-910a-c7e5c28b5e5d	303541	1.0	confident	Lactobacillus apis	Bacteria
b542db7a-a4d3-404b-bab8-109073ad7fe7	303541	1.0	confident	Lactobacillus apis	Bacteria
a21de5e5-357f-4de4-abe2-84406083158d	303541	1.0	confident	Lactobacillus apis	Bacteria
fea21299-59a2-45fc-beb9-3348244b1734	303541	1.0	confident	Lactobacillus apis	Bacteria
ff60e94a-37ce-4d6b-a6bd-4d9f401a53d0	303541	1.0	confident	Lactobacillus apis	Bacteria
66435b75-f6c7-405a-af66-a43a63bbc5cd	303541	1.0	confident	Lactobacillus apis	Bacteria
0fcef595-e2f4-49da-8cf4-73dd2595ebc5	303541	1.0	confident	Lactobacillus apis	Bacteria
8da3945e-75da-4590-a2f3-59195cffa103	303541	1.0	confident	Lactobacillus apis	Bacteria
04970057-4c77-4248-8bef-c123d02778c6	303541	1.0	confident	Lactobacillus apis	Bacteria
0a906a6c-048b-4b53-9710-3e79d46c5616	303541	1.0	confident	Lactobacillus apis	Bacteria
b052da39-c76b-465c-900e-d97399888010	303541	1.0	confident	Lactobacillus apis	Bacteria
2e784eb1-5310-4d66-8275-fffa899536ad	303541	1.0	confident	Lactobacillus apis	Bacteria
d6bae651-ad46-4987-ad3f-8121a0ea6dfb	303541	1.0	confident	Lactobacillus apis	Bacteria
294b1682-42b5-4535-8c62-80d0dd515844	303541	1.0	confident	Lactobacillus apis	Bacteria
b01d58db-50dc-4f57-a388-559f1df75b23	303541	1.0	confident	Lactobacillus apis	Bacteria
a5224823-c5a8-41d1-9bc5-412e14549fcc	303541	1.0	confident	Lactobacillus apis	Bacteria
8584a9da-f2cd-4e64-9843-585bf613c57a	303541	1.0	confident	Lactobacillus apis	Bacteria
1caece6f-ab1d-43d2-9f1d-a923b5e0f6e4	303541	1.0	confident	Lactobacillus apis	Bacteria
52ce7d58-d3b4-4a64-8373-9b607708fa55	303541	0.9254856663628748	high	Lactobacillus apis	Bacteria
1ed0aa7d-bfe1-4a3c-9ddf-9a7f24025300	303541	1.0	confident	Lactobacillus apis	Bacteria
46db2abf-6dbd-4a09-b361-97d2372f3525	303541	0.978207141161462	high	Lactobacillus apis	Bacteria
fd1ff102-841d-4cd6-9c03-a2ad2e7261c4	303541	1.0	confident	Lactobacillus apis	Bacteria
daaa0f51-fa57-42cc-a0d3-38a7f38e4a81	303541	1.0	confident	Lactobacillus apis	Bacteria
9ba25931-585c-4891-9d4e-16297e3048d9	303541	1.0	confident	Lactobacillus apis	Bacteria
16c44b2d-2b79-4294-bc93-5f5ea7ca66a8	303541	1.0	confident	Lactobacillus apis	Bacteria
996c3fcb-066b-4b2e-a656-daca932d50e5	303541	1.0	confident	Lactobacillus apis	Bacteria
9c70735a-e69a-4538-a577-715677a7d092	303541	1.0	confident	Lactobacillus apis	Bacteria
55642e72-e82a-4498-897d-c41e1de70a41	303541	1.0	confident	Lactobacillus apis	Bacteria
c222a9d1-4825-426d-a17f-da9af2f7499d	303541	0.9257715044134271	high	Lactobacillus apis	Bacteria
4d5d5209-7441-4f05-b141-01d3080cc4c4	303541	1.0	confident	Lactobacillus apis	Bacteria
aa5dcc19-f029-4b23-a6a2-17021b9e661b	303541	1.0	confident	Lactobacillus apis	Bacteria
0f3ff5d0-9c8d-4651-a8ac-b933d95b0fec	303541	1.0	confident	Lactobacillus apis	Bacteria
02161949-d7fc-44d9-ae30-8cc9994e9bd2	303541	1.0	confident	Lactobacillus apis	Bacteria
2d158796-15e0-4346-bab1-db40eca30607	303541	1.0	confident	Lactobacillus apis	Bacteria
ca4b1ebf-a35b-4c3d-ab1d-51955943e1fe	303541	1.0	confident	Lactobacillus apis	Bacteria
f7aa6ead-b9c8-476a-a2b8-d24cd24788c8	303541	1.0	confident	Lactobacillus apis	Bacteria
d486dcd8-7bd2-4a05-bd62-3398c4776671	303541	1.0	confident	Lactobacillus apis	Bacteria
fde9eaac-475f-4055-a4ba-62b210e7f27a	303541	1.0	confident	Lactobacillus apis	Bacteria
545737ed-350d-4358-b266-fee7d47595ee	303541	1.0	confident	Lactobacillus apis	Bacteria
f2531a54-6687-4c77-afef-0c1039df64e8	303541	1.0	confident	Lactobacillus apis	Bacteria
139917f8-04ff-4de5-b009-923e11562586	303541	1.0	confident	Lactobacillus apis	Bacteria
31300792-d053-4e27-8a8b-5aaec055a329	303541	1.0	confident	Lactobacillus apis	Bacteria
1425e4c3-2d4a-4592-9bd7-6b28dfb28ede	303541	1.0	confident	Lactobacillus apis	Bacteria
79ac4ada-1beb-40d5-bf97-42a9e6a766fe	303541	1.0	confident	Lactobacillus apis	Bacteria
1b4feef6-6104-4de5-bf31-e9e6f0cb3f4d	303541	1.0	confident	Lactobacillus apis	Bacteria
b15e99c0-ceb5-437d-8542-f6b80a9c8968	303541	0.9779462494729602	high	Lactobacillus apis	Bacteria
f0fffc5a-5a9f-4fac-869b-c61466ac1e80	303541	1.0	confident	Lactobacillus apis	Bacteria
24b0e829-ae1c-44ac-95f2-495cb8ac700e	303541	1.0	confident	Lactobacillus apis	Bacteria
35d26cf6-f7fe-4855-91af-01ce89944952	303541	1.0	confident	Lactobacillus apis	Bacteria
342218c3-6921-4895-9ec1-169085449ca1	303541	1.0	confident	Lactobacillus apis	Bacteria
847ab0f9-5fca-4aa4-b8ac-a08989ed236f	303541	1.0	confident	Lactobacillus apis	Bacteria
34ccbcf2-4707-46d4-8aae-58f8edd1ada3	303541	1.0	confident	Lactobacillus apis	Bacteria
fd4e4b14-6dc5-486e-b1cb-939df08322dd	303541	1.0	confident	Lactobacillus apis	Bacteria
882a4dfb-1f36-4fb6-b77a-c474193db1c7	303541	1.0	confident	Lactobacillus apis	Bacteria
47de1d68-6387-4d2f-b2dc-f1364908c22e	10003450	0.9999991434969836	high	Salmonella enterica	Bacteria
843b5786-5006-4f75-ae27-ab5435619164	10003450	0.9963964023609494	high	Salmonella enterica	Bacteria
a61857f8-27ed-4589-9a98-895d4910aeab	10003450	0.9931811885079204	high	Salmonella enterica	Bacteria
f9c992f7-1eab-4231-954b-6ab1cc81c5c1	10003450	0.9552469808498684	high	Salmonella enterica	Bacteria
776d78b8-5327-4295-8ce4-90e78c7078ff	10003450	1.0	confident	Salmonella enterica	Bacteria
e7f7b5df-7a63-4394-ba98-d401b15481b5	10003450	0.9963872706967224	high	Salmonella enterica	Bacteria
93e40f4b-f52d-4c41-8677-07833f5200f0	10003450	0.9963948917250186	high	Salmonella enterica	Bacteria
3aaed2a7-5533-49d8-9fb7-b6d8e855a3cb	10003450	0.9871943511782476	high	Salmonella enterica	Bacteria
34457237-ca9d-49be-b663-78682dbab1a3	10003450	0.9993724242238818	high	Salmonella enterica	Bacteria
0c191656-ce2d-433d-a0a5-59479901c314	10003450	0.999998404898844	high	Salmonella enterica	Bacteria
e565b798-d80c-411e-ae80-a5a71e622736	10003450	0.996394928243806	high	Salmonella enterica	Bacteria
9bedd1c6-ad9c-4276-a75d-8404982c20c2	10003450	0.9964027105366842	high	Salmonella enterica	Bacteria
5cf328af-9b51-49fc-befb-e9154db8d4d7	10003450	0.9999983870275784	high	Salmonella enterica	Bacteria
0be4741d-2fd7-4cc9-9495-8fea99873fdf	10003450	0.9963948961773712	high	Salmonella enterica	Bacteria
12e3e638-4a1b-4770-a5a4-ebb2d0c02c24	10003450	0.996402737386852	high	Salmonella enterica	Bacteria
b00ce217-58c4-42f9-a8d2-9e776b74a01c	10003450	0.9963949275526812	high	Salmonella enterica	Bacteria
7be48afe-e82a-447e-a63d-39a8216a8e21	2066049	0.9949270859387812	high	Citrobacter freundii complex sp. CFNIH2	Bacteria
c8e1b398-0a05-4027-bdb1-5eaf8fe2bb3b	10003450	0.9963934368630812	high	Salmonella enterica	Bacteria
8c6db7e3-2993-4fb0-8db0-5047db7a556f	10003450	0.996396497895126	high	Salmonella enterica	Bacteria
49d02f9a-d561-4755-b18f-ec73c0aedea6	10003450	0.999998388271639	high	Salmonella enterica	Bacteria
0a63180e-3342-4e86-a096-a3f5b8cde2ca	10003450	0.9998520238435896	high	Salmonella enterica	Bacteria
1b3b0b14-5d24-4ad5-b83a-87a0bc007bd0	10003450	0.9963949242497552	high	Salmonella enterica	Bacteria
e71804e3-beca-4079-b9e6-56c321e7165e	10003450	1.0	confident	Salmonella enterica	Bacteria
80372634-abd5-4fc0-bf63-7e2ceef46738	10003450	0.9963949268612552	high	Salmonella enterica	Bacteria
086f8249-243f-4a10-aca7-927d3373b585	10003450	0.999999765559744	high	Salmonella enterica	Bacteria
2975e3ea-e738-4efb-8867-365c172450c9	2066049	0.9995602993420778	high	Citrobacter freundii complex sp. CFNIH2	Bacteria
06fd03f9-b44d-43fd-aa01-4d4344b27754	10003443	1.0	confident	Escherichia coli	Bacteria
8844f362-c7ff-4c67-a13f-3278f4b644a0	10003443	1.0	confident	Escherichia coli	Bacteria
a6f8c752-a360-4f3e-8cc5-6ece2703f0b9	1387353	1.0	confident	Paludisphaera borealis	Bacteria
f64fc2f4-5523-4f4f-a1d9-85f94a9f2ca4	549	1.0	confident	Pantoea agglomerans	Bacteria
7abfb6e8-fdd8-43c3-a0d4-97b0f94a19ab	549	1.0	confident	Pantoea agglomerans	Bacteria
497d9064-800f-45e7-bafc-2c5c024027e7	549	1.0	confident	Pantoea agglomerans	Bacteria
cb7db47a-e2f2-4af1-aeb0-051344ed29fd	549	1.0	confident	Pantoea agglomerans	Bacteria
5af0769e-000c-47d0-b5e4-e5c09fcf10b8	549	1.0	confident	Pantoea agglomerans	Bacteria
3aed28d4-53e9-4f3c-b4da-a6ce5b11072f	549	1.0	confident	Pantoea agglomerans	Bacteria
df4a3a9a-c258-40ee-9b7b-75128996ef38	549	1.0	confident	Pantoea agglomerans	Bacteria
0f8114e0-f712-4f10-a3b0-bcf7ba80270a	549	1.0	confident	Pantoea agglomerans	Bacteria
2f080bcc-5419-4cd0-8ef0-6a4703561d80	549	1.0	confident	Pantoea agglomerans	Bacteria
f8b93c00-4cf7-47db-beee-e06179d6987b	549	1.0	confident	Pantoea agglomerans	Bacteria
1e41e3fd-143a-49b0-98bb-89f4c79a324d	549	1.0	confident	Pantoea agglomerans	Bacteria
898f8680-4896-4949-bfeb-a856a1231e46	549	1.0	confident	Pantoea agglomerans	Bacteria
76a50680-b11e-4313-a612-92fc2ac1232a	549	1.0	confident	Pantoea agglomerans	Bacteria
7ebe5d38-e235-4da6-96d5-6231f3a88dcd	549	1.0	confident	Pantoea agglomerans	Bacteria
13b8a8bf-293e-4d6a-8742-d978ecb4b4fb	549	1.0	confident	Pantoea agglomerans	Bacteria
812f2cae-312c-42e1-a767-2bc21cce61c1	549	1.0	confident	Pantoea agglomerans	Bacteria
844a9aa9-e221-4466-a04f-f0dc6ad73c43	549	1.0	confident	Pantoea agglomerans	Bacteria
845b766e-748a-48c1-b2c7-f0918067710d	549	1.0	confident	Pantoea agglomerans	Bacteria
66e19389-e59e-4601-bf01-ee2b475836e3	549	1.0	confident	Pantoea agglomerans	Bacteria
bfd9594d-3d7c-46a0-a6fd-1d1dc741596f	549	1.0	confident	Pantoea agglomerans	Bacteria
58994f2a-0686-46d7-9c1b-78ac1e16f687	549	1.0	confident	Pantoea agglomerans	Bacteria
14da728e-60d5-4089-887e-bcfa55e9d199	549	1.0	confident	Pantoea agglomerans	Bacteria
433a34d6-b263-4a86-aa98-eb5f5fd0ff1c	549	1.0	confident	Pantoea agglomerans	Bacteria
ed47167c-cc59-4082-84b5-cd6ba8dd7c98	549	1.0	confident	Pantoea agglomerans	Bacteria
2fe42ef9-569f-4530-968c-dc377f99924b	549	1.0	confident	Pantoea agglomerans	Bacteria
5a080699-fdae-4b55-bda0-513a5d840451	549	1.0	confident	Pantoea agglomerans	Bacteria
7aabf2d6-9730-453e-b67c-ad45784d2a16	549	1.0	confident	Pantoea agglomerans	Bacteria
70466dec-e66d-49ea-b640-5afc3e29c505	549	1.0	confident	Pantoea agglomerans	Bacteria
c14787b9-c430-4654-89fe-dbee07ddd16e	549	1.0	confident	Pantoea agglomerans	Bacteria
490b8b24-b61a-422c-b416-3431206147e2	549	1.0	confident	Pantoea agglomerans	Bacteria
256a42bc-85c3-43eb-9e7c-16593dfd1dc5	549	1.0	confident	Pantoea agglomerans	Bacteria
ce3d9e39-43fe-488b-bf43-878bae65197c	549	1.0	confident	Pantoea agglomerans	Bacteria
1f147a32-d669-44c1-b86f-1537f73c20a9	549	1.0	confident	Pantoea agglomerans	Bacteria
7a4f14ed-7623-4969-bbac-b5ad651d0545	549	1.0	confident	Pantoea agglomerans	Bacteria
9067f3c9-7af7-42ca-b475-a6ad2895540a	549	1.0	confident	Pantoea agglomerans	Bacteria
17a767ff-a639-4c6f-b1f1-d0fcf11b9b31	549	1.0	confident	Pantoea agglomerans	Bacteria
22e8f474-a9f2-44e0-aadc-ac409f47036a	549	1.0	confident	Pantoea agglomerans	Bacteria
6a341e2c-8b33-4896-a472-8f77443a04c1	549	1.0	confident	Pantoea agglomerans	Bacteria
cc3c81a5-c541-4aed-82df-0733e988cf9e	549	1.0	confident	Pantoea agglomerans	Bacteria
3734cc59-1e23-462c-968e-f4e2d7d3b639	549	1.0	confident	Pantoea agglomerans	Bacteria
b6b1d6a5-a13b-45ef-a43c-875180099d2c	1267021	1.0	confident	Frischella perrara	Bacteria
a0275fe5-ba07-4fb8-be39-3146921c7eba	1267021	1.0	confident	Frischella perrara	Bacteria
8f79082b-22b4-4807-8dd9-04b3677a8d26	1267021	1.0	confident	Frischella perrara	Bacteria
423d9be8-ab43-440c-ac65-70fcc3c6a9f8	1267021	1.0	confident	Frischella perrara	Bacteria
dc3a5bfa-d1dc-47f9-a4e8-76762db70d83	1267021	1.0	confident	Frischella perrara	Bacteria
c2477c9b-ccfa-4234-8ccf-1a8f990b2795	1267021	1.0	confident	Frischella perrara	Bacteria
b1524ada-26e0-4e49-b0d7-610b5f86bd7d	1267021	1.0	confident	Frischella perrara	Bacteria
08f814a9-f0c8-467e-9212-b4d3ab19e74c	1267021	1.0	confident	Frischella perrara	Bacteria
7e5d5f36-d6f1-4359-a2d5-1a8666c85fe0	1267021	1.0	confident	Frischella perrara	Bacteria
73ff18aa-373c-4a0e-81bd-76036c767a89	1267021	1.0	confident	Frischella perrara	Bacteria
349d1a1b-1cf0-4f79-adf6-15fdcbc6aca8	1267021	1.0	confident	Frischella perrara	Bacteria
b02efcb7-06d1-4bdd-824f-73fc26d35276	1267021	1.0	confident	Frischella perrara	Bacteria
9e6031a2-2665-4b4c-aac0-1bbb4b5a0f6b	1267021	1.0	confident	Frischella perrara	Bacteria
1d68ed82-3cb8-4456-9865-0997e8f41a4e	1267021	1.0	confident	Frischella perrara	Bacteria
da409ba7-bb81-44dd-9f38-c72826c5de2a	1267021	1.0	confident	Frischella perrara	Bacteria
e09121f4-669b-434e-b237-c991ed136438	1267021	1.0	confident	Frischella perrara	Bacteria
cb1d8fcb-3eb9-4c03-b513-8b35c76bba2b	1267021	1.0	confident	Frischella perrara	Bacteria
dcca9f0b-7ca4-4883-a154-b79f3b9a86ae	1267021	1.0	confident	Frischella perrara	Bacteria
e67ab330-c833-4a6e-b28f-ca3b71125c09	1267021	1.0	confident	Frischella perrara	Bacteria
39e8e4bf-1783-448f-9c78-3a8dcc139d92	1267021	1.0	confident	Frischella perrara	Bacteria
81c0c5ad-2d54-446c-a972-61afdc02edcc	1267021	1.0	confident	Frischella perrara	Bacteria
fbfd7fa2-bac6-4757-b4b6-5b01cb8c8250	1267021	1.0	confident	Frischella perrara	Bacteria
85555905-e93c-47e4-a4b4-4e69cae94be4	1267021	1.0	confident	Frischella perrara	Bacteria
23402a13-7781-4465-9092-fa78d9c1cebd	1267021	1.0	confident	Frischella perrara	Bacteria
7c27d615-07ef-4422-8e6e-929f6096af49	1267021	1.0	confident	Frischella perrara	Bacteria
cfd41192-0aa0-4a2f-a486-0c2ef2ee22aa	1267021	1.0	confident	Frischella perrara	Bacteria
2b057ef2-cc1a-4d79-a6e8-36e0d2c79e30	1267021	1.0	confident	Frischella perrara	Bacteria
b5ffd53c-b503-41b0-bcb0-643990a55800	1267021	1.0	confident	Frischella perrara	Bacteria
2f259ac1-7cbf-4132-915b-f2c61513e0d4	1267021	1.0	confident	Frischella perrara	Bacteria
b5aee4e7-5ed4-460e-bfdf-4a4085f56b25	1267021	1.0	confident	Frischella perrara	Bacteria
8718b54a-1fc8-43e7-95ba-c7b85a90feb1	1267021	1.0	confident	Frischella perrara	Bacteria
b61efcb3-f846-4b2b-abcf-42abdb322545	1267021	1.0	confident	Frischella perrara	Bacteria
bed7b5f9-837e-4dd6-80a4-835fa59f0a5c	1267021	1.0	confident	Frischella perrara	Bacteria
609e8b04-71cb-4f9c-a8ba-b76d10206652	1267021	1.0	confident	Frischella perrara	Bacteria
840988ba-29fa-4054-b87c-1877e9dcda1d	1267021	1.0	confident	Frischella perrara	Bacteria
7b409188-b134-4eb1-aece-90c8ab94f9be	1267021	1.0	confident	Frischella perrara	Bacteria
0bf24d3a-0227-47e3-99b6-cb78870f0d16	1267021	1.0	confident	Frischella perrara	Bacteria
6896e5e1-6c3d-475a-ada4-2ffed0492d10	1267021	1.0	confident	Frischella perrara	Bacteria
05f1e901-0577-46a6-8008-f1dc2ad86f28	1267021	1.0	confident	Frischella perrara	Bacteria
7ea9e7da-414a-48d6-bf77-4deb8e503957	1776391	1.0	confident	Romboutsia timonensis	Bacteria
a173f014-7cb6-44ee-9dd3-d0b59ba0d48c	1218508	1.0	confident	Lactobacillus mellis	Bacteria
998b940f-cdbc-4045-bac7-323d165cdb88	1218508	1.0	confident	Lactobacillus mellis	Bacteria
a29c3b99-6eee-4d91-abc1-223aa35ec928	1218508	1.0	confident	Lactobacillus mellis	Bacteria
ba26bfb9-df1c-4f0c-9291-b7a9dec13826	1218508	1.0	confident	Lactobacillus mellis	Bacteria
c7067262-3211-47d0-8379-585f7da75425	1218508	1.0	confident	Lactobacillus mellis	Bacteria
75aada5b-7c79-4f24-8c78-bdac354a2ffc	1218508	1.0	confident	Lactobacillus mellis	Bacteria
ac8340b5-ab87-406c-bc12-b61766914a99	1218494	1.0	confident	Lactobacillus helsingborgensis	Bacteria
c9f9f69c-1a01-4ac4-bdb8-02749c310a27	1218494	1.0	confident	Lactobacillus helsingborgensis	Bacteria
96b2848c-85e6-404f-ba88-4eb9dfb75ba2	1218494	1.0	confident	Lactobacillus helsingborgensis	Bacteria
fe8ea3a8-b63d-4fc4-8156-6aa925f3f54a	1218494	1.0	confident	Lactobacillus helsingborgensis	Bacteria
e66c2a3b-9793-49bd-a558-4e349ed03c6b	1218494	1.0	confident	Lactobacillus helsingborgensis	Bacteria
3430c7c3-4f40-490d-85c0-62c1a4e532cf	1218494	1.0	confident	Lactobacillus helsingborgensis	Bacteria
ca667813-e404-4485-a54f-5960995098b4	1218494	1.0	confident	Lactobacillus helsingborgensis	Bacteria
09f3e3b6-fcfc-4cf3-9a72-1edef1d9e204	1218494	1.0	confident	Lactobacillus helsingborgensis	Bacteria
98b9d913-2373-438a-8d8d-c2a3201fed0e	1218494	1.0	confident	Lactobacillus helsingborgensis	Bacteria
68d34003-4873-4950-9ca2-a7b373515d45	1218494	1.0	confident	Lactobacillus helsingborgensis	Bacteria
23719541-0246-435b-865d-61ea0d9c1730	1218494	1.0	confident	Lactobacillus helsingborgensis	Bacteria
c28db343-f1b8-40c8-a931-d2a5d455f393	1218494	1.0	confident	Lactobacillus helsingborgensis	Bacteria
176f0786-79f7-44b4-89fd-2dc22db35018	1218494	1.0	confident	Lactobacillus helsingborgensis	Bacteria
a3a0af9d-65d6-4d66-853c-78240019d4a4	296	1.0	confident	Pseudomonas fragi	Bacteria
2fd0fd40-2453-48c1-9df6-a514d416e382	70863	1.0	confident	Shewanella oneidensis	Bacteria
c9f96e39-14c8-441f-809c-9bd81114ff59	10002671	1.0	confident	Lactobacillus johnsonii	Bacteria
